id_vaga,tipo_habilidade,habilidade
68513c86c8825584ffc53bd9,tecnica,SQL
68513c86c8825584ffc53bd9,tecnica,Excel
68513c86c8825584ffc53bd9,tecnica,Python
68513c86c8825584ffc53bd9,tecnica,Estatística
68513c86c8825584ffc53bd9,tecnica,Análise de dados
68513c86c8825584ffc53bd9,tecnica,Modelagem lineal
68513c86c8825584ffc53bd9,tecnica,Análise de séries temporais
68513c86c8825584ffc53bd9,tecnica,Desenvolvimento de aplicativos móveis
68513c86c8825584ffc53bd9,comportamental,Comunicação eficaz
68513c86c8825584ffc53bd9,comportamental,Resolução de problemas
68513c86c8825584ffc53bd9,comportamental,Trabalho em equipe
68513c86c8825584ffc53bd9,comportamental,Autonomia e iniciativa
68513c86c8825584ffc53bd9,comportamental,Flexibilidade e adaptação
686e3e55c42224bcc20f55f1,tecnica,SQL
686e3e55c42224bcc20f55f1,tecnica,Excel
686e3e55c42224bcc20f55f1,tecnica,Google Sheets
686e3e55c42224bcc20f55f1,tecnica,Looker
686e3e55c42224bcc20f55f1,tecnica,Analytical Skills
686e3e55c42224bcc20f55f1,comportamental,Collaborative Mindset
686e3e55c42224bcc20f55f1,comportamental,Effective Communication
686e3e55c42224bcc20f55f1,comportamental,Data Analysis
686f9137d44ce68fd61c5644,tecnica,Databox
686f9137d44ce68fd61c5644,tecnica,Domo
686f9137d44ce68fd61c5644,tecnica,Looker
686f9137d44ce68fd61c5644,comportamental,collaboração
686f9137d44ce68fd61c5644,comportamental,trabalho em equipe
686f9137d44ce68fd61c5644,comportamental,presentação de relatórios
686f9447a163862059eec62f,tecnica,Python
686f9447a163862059eec62f,tecnica,Banco de Dados SQL
686f9447a163862059eec62f,tecnica,Machine Learning
686f9447a163862059eec62f,tecnica,Probabilidade e Estatística
686f9447a163862059eec62f,tecnica,Redes Neurais Artificiais
686f9447a163862059eec62f,tecnica,Criação de Pipeline
686f9447a163862059eec62f,tecnica,Tratamento de Dados
686f9447a163862059eec62f,tecnica,Desenvolvimento de Modelos
686f9447a163862059eec62f,tecnica,Deploy de Modelos
686f9447a163862059eec62f,tecnica,"Cloud Computing (AWS, GCP, Azure)"
686f9447a163862059eec62f,tecnica,Bi Engenharia de Dados
686f9447a163862059eec62f,tecnica,Modelagem de Dados
686f9447a163862059eec62f,tecnica,Estatística de Dados
686f9447a163862059eec62f,tecnica,Análise de Graficos
686f9447a163862059eec62f,tecnica,"Matplotlib, Seaborn, Plotly"
686f9447a163862059eec62f,comportamental,Trabalho em equipe
686f9447a163862059eec62f,comportamental,Comunicação eficaz
686f9447a163862059eec62f,comportamental,Resolução de problemas
686f9447a163862059eec62f,comportamental,Liderança e gestão de projetos
686f9447a163862059eec62f,comportamental,Desenvolvimento contínuo
686f9447a163862059eec62f,comportamental,Aprendizado rápido
686f9447a163862059eec62f,comportamental,Responsabilidade e compromisso
686fe5287a1bb34b929d659e,tecnica,Python
686fe5287a1bb34b929d659e,tecnica,Pandas
686fe5287a1bb34b929d659e,tecnica,NumPy
686fe5287a1bb34b929d659e,tecnica,SQL
686fe5287a1bb34b929d659e,tecnica,Estatística
686fe5287a1bb34b929d659e,tecnica,ML
686fe5287a1bb34b929d659e,tecnica,Supervisionado
686fe5287a1bb34b929d659e,tecnica,Visualização de Dados
686fe5287a1bb34b929d659e,tecnica,Power BI
686fe5287a1bb34b929d659e,tecnica,Tableau
686fe5287a1bb34b929d659e,tecnica,Git
686fe5287a1bb34b929d659e,tecnica,Inglês
686fe5287a1bb34b929d659e,tecnica,Tecnico
686fe5287a1bb34b929d659e,tecnica,Leitura de Documentação
686fe5287a1bb34b929d659e,tecnica,Vontade de Aprender Continuamente
686fe5287a1bb34b929d659e,comportamental,Colaborar
686fe5287a1bb34b929d659e,comportamental,Engenheiros
686fe5287a1bb34b929d659e,comportamental,Analistas
686fe5287a1bb34b929d659e,comportamental,PMS
686fe5287a1bb34b929d659e,comportamental,Entender Requisitos
686fe5287a1bb34b929d659e,comportamental,Refeição
686fe5287a1bb34b929d659e,comportamental,Alimentação
686fe5287a1bb34b929d659e,comportamental,Plano de Saúde
686fe5287a1bb34b929d659e,comportamental,Sul-Americana
686fe5287a1bb34b929d659e,comportamental,Ampla Rede Nacional
686fe5287a1bb34b929d659e,comportamental,Consultas Online
686fe5287a1bb34b929d659e,comportamental,Plano Odontológico Sul-Americano
686fe5287a1bb34b929d659e,comportamental,WellHub
68716ba379a06ddbeb2a945c,tecnica,Power BI
68716ba379a06ddbeb2a945c,tecnica,Tableau
68716ba379a06ddbeb2a945c,tecnica,SQL
68716ba379a06ddbeb2a945c,tecnica,Estatística
68716ba379a06ddbeb2a945c,tecnica,Ciência de Dados
68716ba379a06ddbeb2a945c,tecnica,Engenharia de Software
68716ba379a06ddbeb2a945c,tecnica,Economia
68716ba379a06ddbeb2a945c,tecnica,Áreas correlatas
68716ba379a06ddbeb2a945c,comportamental,Colaboração
68716ba379a06ddbeb2a945c,comportamental,Comunicação
68716ba379a06ddbeb2a945c,comportamental,Liderança
68716ba379a06ddbeb2a945c,comportamental,Resolução de Problemas
68716ba379a06ddbeb2a945c,comportamental,Análise de Dados
68716ba379a06ddbeb2a945c,comportamental,Desenvolvimento de Dashboards
68716ce5231a785387937894,tecnica,Data Analytics
68716ce5231a785387937894,tecnica,Engenharia de Dados
68716ce5231a785387937894,tecnica,Governança de Dados
68716ce5231a785387937894,comportamental,Colaborativa
68716ce5231a785387937894,comportamental,Responsável
68716ce5231a785387937894,comportamental,Focado no Cliente
6872a12799ae89d0d03f82f4,tecnica,python
6872a12799ae89d0d03f82f4,tecnica,github
6872a12799ae89d0d03f82f4,tecnica,jira
6872a12799ae89d0d03f82f4,tecnica,confluence
6872a12799ae89d0d03f82f4,tecnica,sql server
6872a12799ae89d0d03f82f4,tecnica,power bi
6872a12799ae89d0d03f82f4,tecnica,office suite
6872a12799ae89d0d03f82f4,tecnica,vs code
6872a12799ae89d0d03f82f4,comportamental,autonomia
6872a12799ae89d0d03f82f4,comportamental,colaboracao
6872a12799ae89d0d03f82f4,comportamental,adaptação
6872a12799ae89d0d03f82f4,comportamental,responsabilidade
6872a12799ae89d0d03f82f4,comportamental,iniciativa
6872a12799ae89d0d03f82f4,comportamental,paciência
6872a12799ae89d0d03f82f4,comportamental,criatividade
6872a12799ae89d0d03f82f4,comportamental,exigência
6874d0677443bfaf9d505d17,tecnica,Manipulação de dados
6874d0677443bfaf9d505d17,tecnica,Estatística computacional
6874d0677443bfaf9d505d17,tecnica,Regressão linear
6874d0677443bfaf9d505d17,tecnica,Redes neurais
6874d0677443bfaf9d505d17,tecnica,Análise cluster
6874d0677443bfaf9d505d17,tecnica,Componentes principais afins
6874d0677443bfaf9d505d17,comportamental,Trabalho em equipe
6874d0677443bfaf9d505d17,comportamental,Comunicação eficaz
6874d0677443bfaf9d505d17,comportamental,Resolução de problemas
6874d0677443bfaf9d505d17,comportamental,Flexibilidade e adaptação
6874d0677443bfaf9d505d17,comportamental,Disponibilidade para aprender e crescer
6874d0dbc9308a912e091ce4,tecnica,Power BI
6874d0dbc9308a912e091ce4,tecnica,Excel
6874d0dbc9308a912e091ce4,tecnica,ETL
6874d0dbc9308a912e091ce4,tecnica,Modelagem de dados
6874d0dbc9308a912e091ce4,tecnica,Interpretação de dados
6874d0dbc9308a912e091ce4,tecnica,Prototipagem UX/UI
6874d0dbc9308a912e091ce4,comportamental,Comunicação eficaz
6874d0dbc9308a912e091ce4,comportamental,Conhecimento de inglês avançado
6874d0dbc9308a912e091ce4,comportamental,Experiência com ferramentas de design
6874d0dbc9308a912e091ce4,comportamental,Capacidade de trabalho remoto
6874d0dbc9308a912e091ce4,comportamental,Gerenciamento de projetos
6874d0dbc9308a912e091ce4,comportamental,Flexibilidade e adaptabilidade
68750b8de5df4b0f866feef3,tecnica,Análise de dados
68750b8de5df4b0f866feef3,tecnica,Visualização de dados
68750b8de5df4b0f866feef3,tecnica,Modelagem preditiva
68750b8de5df4b0f866feef3,tecnica,Análise de comportamento
68750b8de5df4b0f866feef3,tecnica,Segmentação
68750b8de5df4b0f866feef3,tecnica,Experimentação A/B
68750b8de5df4b0f866feef3,tecnica,Desenvolvimento de dashboards
68750b8de5df4b0f866feef3,tecnica,Liderança de projetos
68750b8de5df4b0f866feef3,comportamental,Trabalho em equipe
68750b8de5df4b0f866feef3,comportamental,Comunicação clara e concisa
68750b8de5df4b0f866feef3,comportamental,Pensamento estratégico
68750b8de5df4b0f866feef3,comportamental,Capacidade de liderança
68750b8de5df4b0f866feef3,comportamental,Desenvolvimento de habilidades analíticas
68750b8de5df4b0f866feef3,comportamental,Priorização de análises
68750b8de5df4b0f866feef3,comportamental,Deliverar resultados com prazos
68763a58c918c5d5b7397c43,tecnica,Python
68763a58c918c5d5b7397c43,tecnica,Bibliotecas voltadas para ciência de dados
68763a58c918c5d5b7397c43,tecnica,Machine Learning
68763a58c918c5d5b7397c43,tecnica,Processamento de Linguagem Natural (NLP)
68763a58c918c5d5b7397c43,tecnica,Autogerenciamento
68763a58c918c5d5b7397c43,tecnica,Raciocínio Analítico
68763a58c918c5d5b7397c43,comportamental,Curiosidade
68763a58c918c5d5b7397c43,comportamental,Desejo de aprender
68763a58c918c5d5b7397c43,comportamental,Criativo
68763a58c918c5d5b7397c43,comportamental,Trabalhar com IA
68763a58c918c5d5b7397c43,comportamental,Desenvolvimento de projetos
68778edc51fd867f7b3a5d47,tecnica,matematica financeira
68778edc51fd867f7b3a5d47,tecnica,contabilidade
68778edc51fd867f7b3a5d47,tecnica,estatistica
68778edc51fd867f7b3a5d47,tecnica,ciencia dados
68778edc51fd867f7b3a5d47,comportamental,pensamento critico
68778edc51fd867f7b3a5d47,comportamental,iniciativa
68778edc51fd867f7b3a5d47,comportamental,comunicacao clara
68778edc51fd867f7b3a5d47,comportamental,colaborativa
6878c5175f679142e47bfc69,tecnica,sql
6878c5175f679142e47bfc69,tecnica,nosql
6878c5175f679142e47bfc69,tecnica,etl
6878c5175f679142e47bfc69,tecnica,extract
6878c5175f679142e47bfc69,tecnica,transform
6878c5175f679142e47bfc69,tecnica,load
6878c5175f679142e47bfc69,comportamental,proactividade
6878c5175f679142e47bfc69,comportamental,atendimento detalhado
6878c5175f679142e47bfc69,comportamental,comunicacao eficaz
6878c717f4db70cee051f979,tecnica,Power BI
6878c717f4db70cee051f979,tecnica,Tableau
6878c717f4db70cee051f979,tecnica,Looker
6878c717f4db70cee051f979,tecnica,SQL
6878c717f4db70cee051f979,tecnica,Python
6878c717f4db70cee051f979,comportamental,exCELÊNCIA
6878c717f4db70cee051f979,comportamental,COMUNICACÃO
6878c717f4db70cee051f979,comportamental,TRABALHO EM EQUIPE
6878c87c4d0674faaa3dae50,tecnica,manipulação de bases de dados
6878c87c4d0674faaa3dae50,tecnica,construção de pipelines de dados
6878c87c4d0674faaa3dae50,tecnica,automação de processos
6878c87c4d0674faaa3dae50,tecnica,construção de relatórios e estudos
6878c87c4d0674faaa3dae50,tecnica,análise de dados
6878c87c4d0674faaa3dae50,tecnica,criação de modelos de controle
6878c87c4d0674faaa3dae50,tecnica,validação e acompanhamento de ratings
6878c87c4d0674faaa3dae50,tecnica,políticas de crédito
6878c87c4d0674faaa3dae50,tecnica,manutenção e ajustes de requisitos
6878c87c4d0674faaa3dae50,tecnica,domínio do Excel
6878c87c4d0674faaa3dae50,tecnica,pacote Office
6878c87c4d0674faaa3dae50,tecnica,SQL intermediário avançado
6878c87c4d0674faaa3dae50,tecnica,conhecimentos em Python
6878c87c4d0674faaa3dae50,tecnica,experiência com Power BI
6878c87c4d0674faaa3dae50,comportamental,trabalho em equipe
6878c87c4d0674faaa3dae50,comportamental,comunicação eficaz
6878c87c4d0674faaa3dae50,comportamental,resolução de problemas
6878ce4b743bb27b53c52295,tecnica,Deep Learning
6878ce4b743bb27b53c52295,tecnica,Algoritmos de Análise de Dados
6878ce4b743bb27b53c52295,tecnica,BigQuery
6878ce4b743bb27b53c52295,tecnica,Python
6878ce4b743bb27b53c52295,tecnica,R
6878ce4b743bb27b53c52295,tecnica,Scala
6878ce4b743bb27b53c52295,comportamental,Comunicação Eficaz
6878ce4b743bb27b53c52295,comportamental,Trabalho em Equipe
6878ce4b743bb27b53c52295,comportamental,Resolução de Problemas
6878ce4b743bb27b53c52295,comportamental,Aprendizado Contínuo
6878cefc8327ea651729222e,tecnica,Excel
6878cefc8327ea651729222e,tecnica,BigQuery
6878cefc8327ea651729222e,tecnica,Python
6878cefc8327ea651729222e,comportamental,Boa comunicação
6878cefc8327ea651729222e,comportamental,Habilidade de trabalhar em equipe
6878cefc8327ea651729222e,comportamental,Raciocínio lógico
687a1bc8e8f544ea4112a06d,tecnica,Python
687a1bc8e8f544ea4112a06d,tecnica,R
687a1bc8e8f544ea4112a06d,tecnica,SQL
687a1bc8e8f544ea4112a06d,tecnica,Machine Learning
687a1bc8e8f544ea4112a06d,tecnica,Estatística
687a1bc8e8f544ea4112a06d,comportamental,Comunicação em inglês
687a1bc8e8f544ea4112a06d,comportamental,Trabalho remoto
687a1bc8e8f544ea4112a06d,comportamental,Desenvolvimento de software
687a1bc8e8f544ea4112a06d,comportamental,Análise de dados
687a1bc8e8f544ea4112a06d,comportamental,Pesquisa e desenvolvimento
687a1bc8e8f544ea4112a06d,comportamental,Gestão de projetos
687a2667e384ae80e5c4f370,tecnica,SQL
687a2667e384ae80e5c4f370,tecnica,Power BI
687a2667e384ae80e5c4f370,tecnica,Domo
687a2667e384ae80e5c4f370,tecnica,Excel
687a2667e384ae80e5c4f370,tecnica,Python
687a2667e384ae80e5c4f370,tecnica,R
687a2667e384ae80e5c4f370,tecnica,Financial Modeling
687a2667e384ae80e5c4f370,tecnica,ETL Processes
687a2667e384ae80e5c4f370,tecnica,Data Warehousing
687a2667e384ae80e5c4f370,comportamental,Comunicação clara e concisa
687a2667e384ae80e5c4f370,comportamental,Trabalho em equipe
687a2667e384ae80e5c4f370,comportamental,Atenção ao detalhe
687a2667e384ae80e5c4f370,comportamental,Aceleração de resultados
687a2667e384ae80e5c4f370,comportamental,Comportamento proativo
687a27804d1c5f491cb268d9,tecnica,Advanced Analytics
687a27804d1c5f491cb268d9,tecnica,Machine Learning
687a27804d1c5f491cb268d9,tecnica,Optimização de Operações
687a27804d1c5f491cb268d9,tecnica,Geoanálise
687a27804d1c5f491cb268d9,tecnica,Autônomos
687a27804d1c5f491cb268d9,tecnica,Análise de Redes
687a27804d1c5f491cb268d9,tecnica,Visualização de Dados
687a27804d1c5f491cb268d9,tecnica,Python
687a27804d1c5f491cb268d9,tecnica,R
687a27804d1c5f491cb268d9,comportamental,Credibilidade
687a27804d1c5f491cb268d9,comportamental,Relacionamento
687a27804d1c5f491cb268d9,comportamental,Comunicação escrita e verbal
687a27804d1c5f491cb268d9,comportamental,Pensamento estratégico
687a27804d1c5f491cb268d9,comportamental,Resolução de problemas criativos
687a2988e57eda9d2247aee2,tecnica,Machine Learning
687a2988e57eda9d2247aee2,tecnica,R-SQL
687a2988e57eda9d2247aee2,tecnica,Python
687a2988e57eda9d2247aee2,tecnica,Scala
687a2988e57eda9d2247aee2,tecnica,Java
687a2988e57eda9d2247aee2,tecnica,C++
687a2988e57eda9d2247aee2,comportamental,Excelente comunicação
687a2988e57eda9d2247aee2,comportamental,Presentsação habilidoso
687a2988e57eda9d2247aee2,comportamental,Escuta ativa
687a2988e57eda9d2247aee2,comportamental,Trabalho em equipe
687a307f3bd31963ee77d562,tecnica,Python
687a307f3bd31963ee77d562,tecnica,R
687a307f3bd31963ee77d562,tecnica,SQL
687a307f3bd31963ee77d562,tecnica,BigQuery
687a307f3bd31963ee77d562,tecnica,Modelagem estatística
687a307f3bd31963ee77d562,tecnica,Machine Learning
687a307f3bd31963ee77d562,tecnica,Power BI
687a307f3bd31963ee77d562,tecnica,PostgreSQL
687a307f3bd31963ee77d562,tecnica,MySQL
687a307f3bd31963ee77d562,comportamental,Colaborar
687a307f3bd31963ee77d562,comportamental,Comunicar-se público e técnico
687a307f3bd31963ee77d562,comportamental,Trabalhar em equipe
687a307f3bd31963ee77d562,comportamental,Resolução de problemas
687a307f3bd31963ee77d562,comportamental,Aprender continuamente
687a307f3bd31963ee77d562,comportamental,Mantenha-se atualizado sobre tendências da Data Science e IA
687a362c18da90ca57bd00fa,tecnica,SQL
687a362c18da90ca57bd00fa,tecnica,Python
687a362c18da90ca57bd00fa,tecnica,R
687a362c18da90ca57bd00fa,tecnica,Data Manipulation
687a362c18da90ca57bd00fa,tecnica,Visualização de Dados
687a362c18da90ca57bd00fa,comportamental,Comunicação Eficaz
687a362c18da90ca57bd00fa,comportamental,Trabalho em Equipe
687a362c18da90ca57bd00fa,comportamental,Responsabilidade
687a362c18da90ca57bd00fa,comportamental,Experimentação
687a370dfb7f6fe1321d9831,tecnica,Tableau
687a370dfb7f6fe1321d9831,tecnica,Power BI
687a370dfb7f6fe1321d9831,tecnica,Qlik
687a370dfb7f6fe1321d9831,comportamental,Habilidade de trabalhar grandes volumes de dados
687a370dfb7f6fe1321d9831,comportamental,Capacidade de comunicar informações complexas
687a370dfb7f6fe1321d9831,comportamental,Design e práticas de visualização de dados
687a67b495a652e919d11560,tecnica,R programming
687a67b495a652e919d11560,tecnica,Convert raw data
687a67b495a652e919d11560,tecnica,Statistical methodology
687b7d0ea7d86d5fef2f0883,tecnica,Excel
687b7d0ea7d86d5fef2f0883,tecnica,Power BI
687b7d0ea7d86d5fef2f0883,tecnica,Avançado
687b7d0ea7d86d5fef2f0883,comportamental,Gerenciar projetos
687b7d0ea7d86d5fef2f0883,comportamental,Trabalhar em equipe
687b7d0ea7d86d5fef2f0883,comportamental,Comunicar eficazmente
687b7d0ea7d86d5fef2f0883,comportamental,Atender a prazos
687b7d0ea7d86d5fef2f0883,comportamental,Resolver problemas de forma independente
687b7d0ea7d86d5fef2f0883,comportamental,Fazer análises e relatórios
687b7d82dc353ca2c557b487,tecnica,SQL
687b7d82dc353ca2c557b487,tecnica,Excel
687b7d82dc353ca2c557b487,tecnica,Power BI
687b7d82dc353ca2c557b487,tecnica,Tableau
687b7d82dc353ca2c557b487,tecnica,Looker
687b7d82dc353ca2c557b487,comportamental,Trabalhar em equipe
687b7d82dc353ca2c557b487,comportamental,Comunicação eficaz
687b7d82dc353ca2c557b487,comportamental,Motivação
687b7d82dc353ca2c557b487,comportamental,Flexibilidade
687b7de6a7793dcf53c4e555,tecnica,Power BI
687b7de6a7793dcf53c4e555,tecnica,Excel
687b7de6a7793dcf53c4e555,tecnica,Tabelas dinamicas
687b7de6a7793dcf53c4e555,tecnica,Procv Graficos
687b7de6a7793dcf53c4e555,tecnica,SQL
687b7de6a7793dcf53c4e555,tecnica,Extracao de dados
687b7de6a7793dcf53c4e555,comportamental,Boa comunicação
687b7de6a7793dcf53c4e555,comportamental,Levantamento de necessidades
687b7de6a7793dcf53c4e555,comportamental,Apoio à tomada de decisão
687b7de6a7793dcf53c4e555,comportamental,Proatividade
687b7de6a7793dcf53c4e555,comportamental,Capacidade de atuar diretamente na operação
687b7ea35e3c31f27d161a0e,tecnica,SQL
687b7ea35e3c31f27d161a0e,tecnica,Power BI
687b7ea35e3c31f27d161a0e,tecnica,DAX
687b7ea35e3c31f27d161a0e,tecnica,Análise de dados estatística
687b7ea35e3c31f27d161a0e,comportamental,Trabalho autônomo
687b7ea35e3c31f27d161a0e,comportamental,Atenção aos detalhes
687b7ea35e3c31f27d161a0e,comportamental,Comunicação clara e objetiva
687b7f5ba9f8fedb5a7ddfbd,tecnica,Power BI
687b7f5ba9f8fedb5a7ddfbd,tecnica,Tableau
687b7f5ba9f8fedb5a7ddfbd,tecnica,Qlik Sense
687b7f5ba9f8fedb5a7ddfbd,tecnica,Python
687b7f5ba9f8fedb5a7ddfbd,tecnica,R
687b7f5ba9f8fedb5a7ddfbd,tecnica,SQL
687b7f5ba9f8fedb5a7ddfbd,tecnica,MySQL
687b7f5ba9f8fedb5a7ddfbd,tecnica,PostgreSQL
687b7f5ba9f8fedb5a7ddfbd,tecnica,APIs
687b7f5ba9f8fedb5a7ddfbd,tecnica,Integrações
687b7f5ba9f8fedb5a7ddfbd,tecnica,"Plataformas nuvem (Azure, AWS, GCP)"
687b7f5ba9f8fedb5a7ddfbd,comportamental,Colaborar com times
687b7f5ba9f8fedb5a7ddfbd,comportamental,Documentar processos e dicionários de dados
687b7f5ba9f8fedb5a7ddfbd,comportamental,Consultar e realizar análises ad hoc
687b7f5ba9f8fedb5a7ddfbd,comportamental,Elegir os melhores métodos para resolver problemas
687b7f5ba9f8fedb5a7ddfbd,comportamental,Garantir a qualidade e integridade dos dados disponíveis
687b7fbf5f81326b6c60da0d,tecnica,Ferramentas BI
687b7fbf5f81326b6c60da0d,tecnica,Planilhas Excel
687b7fbf5f81326b6c60da0d,tecnica,Power BI
687b7fbf5f81326b6c60da0d,comportamental,Desenvolvimento de relatórios
687b7fbf5f81326b6c60da0d,comportamental,Análise de dados
687b7fbf5f81326b6c60da0d,comportamental,Suporte à tomada de decisões
687b81084ccc6a0c3c1d0971,tecnica,Python
687b81084ccc6a0c3c1d0971,tecnica,R
687b81084ccc6a0c3c1d0971,tecnica,SQL
687b81084ccc6a0c3c1d0971,tecnica,Tableau
687b81084ccc6a0c3c1d0971,tecnica,PowerBI
687b81084ccc6a0c3c1d0971,tecnica,Qlik
687b81084ccc6a0c3c1d0971,tecnica,Data Visualization
687b81084ccc6a0c3c1d0971,tecnica,Data Explanation
687b81084ccc6a0c3c1d0971,comportamental,Trabalho em equipe
687b81084ccc6a0c3c1d0971,comportamental,Comunicação eficaz
687b81084ccc6a0c3c1d0971,comportamental,Resolução de problemas
687b81084ccc6a0c3c1d0971,comportamental,Análise de dados
687b81084ccc6a0c3c1d0971,comportamental,Criatividade
687b8337f6d0c9582dd4dddd,tecnica,Python
687b8337f6d0c9582dd4dddd,tecnica,SQL
687b8337f6d0c9582dd4dddd,tecnica,Modelagem
687b8337f6d0c9582dd4dddd,tecnica,Exploração de Dados
687b8337f6d0c9582dd4dddd,tecnica,Integração de Time
687b8337f6d0c9582dd4dddd,tecnica,Análise de Dados
687b8337f6d0c9582dd4dddd,tecnica,Desenvolvimento de Scripts
687b8337f6d0c9582dd4dddd,tecnica,Construção de Dashboards
687b8337f6d0c9582dd4dddd,comportamental,Colaboração
687b8337f6d0c9582dd4dddd,comportamental,Trabalho em Equipe
687b8337f6d0c9582dd4dddd,comportamental,Comunicação Eficiente
687b8337f6d0c9582dd4dddd,comportamental,Liderança
687b8337f6d0c9582dd4dddd,comportamental,Iniciativa
687b8337f6d0c9582dd4dddd,comportamental,Proatividade
687e1d4516fd22cff1ffe2c3,tecnica,estatistica
687e1d4516fd22cff1ffe2c3,tecnica,matematica
687e1d4516fd22cff1ffe2c3,tecnica,engenharia
687e1d4516fd22cff1ffe2c3,tecnica,ciencia computacao
687e1d4516fd22cff1ffe2c3,tecnica,economia
687e1d4516fd22cff1ffe2c3,tecnica,administracao
687e1d4516fd22cff1ffe2c3,tecnica,sql
687e1d4516fd22cff1ffe2c3,tecnica,intermediario avancado
687e1d4516fd22cff1ffe2c3,tecnica,subconsultas
687e1d4516fd22cff1ffe2c3,tecnica,ctes
687e1d4516fd22cff1ffe2c3,tecnica,funcoes agregadas
687e1d4516fd22cff1ffe2c3,tecnica,power bi
687e1d4516fd22cff1ffe2c3,tecnica,tableau
687e1d4516fd22cff1ffe2c3,comportamental,habilidade explorar dados brutos
687e1d4516fd22cff1ffe2c3,comportamental,identificar padroes
687e1d4516fd22cff1ffe2c3,comportamental,outliers
687e1d4516fd22cff1ffe2c3,comportamental,correlacoes
687e1d4516fd22cff1ffe2c3,comportamental,realizar analises profundas
687e1d4516fd22cff1ffe2c3,comportamental,trabalhar forma colaborativa
687e1d4516fd22cff1ffe2c3,comportamental,garantir qualidade
687e1d4516fd22cff1ffe2c3,comportamental,integridade
687e1d4516fd22cff1ffe2c3,comportamental,consistencia
687e1d4516fd22cff1ffe2c3,comportamental,utilizar analises estruturar documentar fluxos dados
687e1d4516fd22cff1ffe2c3,comportamental,processos analiticos
687e1d4516fd22cff1ffe2c3,comportamental,traduzir necessidades negocio solucoes dados eficientes sustentaveis
687e1d4516fd22cff1ffe2c3,comportamental,comunicarse forma clara
687e1d4516fd22cff1ffe2c3,comportamental,priorizar gerenciar demandas simultaneas multiplos projetos prazos fechar
687e1d4516fd22cff1ffe2c3,comportamental,trabalhar forma colaborativa
687e1d4516fd22cff1ffe2c3,comportamental,adaptase aprender novas habilidades
687e1d4516fd22cff1ffe2c3,comportamental,resiliencia senso critico
687e6fdef70e97724834f236,tecnica,análise de dados
687e6fdef70e97724834f236,tecnica,desenvolvimento web
687e6fdef70e97724834f236,tecnica,processamento de dados
687e6fdef70e97724834f236,tecnica,gerenciamento de projetos
687e6fdef70e97724834f236,comportamental,comunicação eficaz
687e6fdef70e97724834f236,comportamental,trabalho em equipe
687e6fdef70e97724834f236,comportamental,resolução de problemas
687e6fdef70e97724834f236,comportamental,adaptabilidade
687e7171c63a4a803f574953,tecnica,exel
687e7171c63a4a803f574953,tecnica,google sheets
687e7171c63a4a803f574953,tecnica,power bi
687e7171c63a4a803f574953,tecnica,tableau
687e7171c63a4a803f574953,tecnica,python
687e7171c63a4a803f574953,tecnica,sql
687e7171c63a4a803f574953,tecnica,VBA
687e7171c63a4a803f574953,tecnica,zapier
687e7171c63a4a803f574953,comportamental,detalhista
687e7171c63a4a803f574953,comportamental, organizado
687e7171c63a4a803f574953,comportamental, autonomoso
687e7171c63a4a803f574953,comportamental, colaborador
687e7171c63a4a803f574953,comportamental, comunicativo
687e7171c63a4a803f574953,comportamental, capacidade de trabalho independente
687e90268f0cc6a5d5a1cfea,tecnica,Python
687e90268f0cc6a5d5a1cfea,tecnica,R
687e90268f0cc6a5d5a1cfea,tecnica,Jupyter Notebook
687e90268f0cc6a5d5a1cfea,tecnica,Google Colab
687e90268f0cc6a5d5a1cfea,tecnica,Zeppelin
687e90268f0cc6a5d5a1cfea,tecnica,Inglês e Espanhol
687e90268f0cc6a5d5a1cfea,comportamental,Capacidade analítica
687e90268f0cc6a5d5a1cfea,comportamental,Liderança inovadora
687e90268f0cc6a5d5a1cfea,comportamental,Proatividade
687e90268f0cc6a5d5a1cfea,comportamental,Gestão de tempo eficaz
687e90268f0cc6a5d5a1cfea,comportamental,Comunicação clara e eficaz
687e90268f0cc6a5d5a1cfea,comportamental,Boa gestão de problemas
687e91a8e00b5c8a7b1c670b,tecnica,SQL
687e91a8e00b5c8a7b1c670b,tecnica,Python
687e91a8e00b5c8a7b1c670b,tecnica,Machine Learning
687e91a8e00b5c8a7b1c670b,tecnica,ETL
687e91a8e00b5c8a7b1c670b,comportamental,Colaboração
687e91a8e00b5c8a7b1c670b,comportamental,Comunicação eficaz
687e91a8e00b5c8a7b1c670b,comportamental,Trabalho em equipe
687e91a8e00b5c8a7b1c670b,comportamental,Análise de dados
687e9232012725c78ae55882,tecnica,SQL
687e9232012725c78ae55882,tecnica,Power BI
687e9232012725c78ae55882,tecnica,Relacionais Databases
687e9232012725c78ae55882,tecnica,ETL Processes
687e9232012725c78ae55882,tecnica,Python
687e9232012725c78ae55882,tecnica,VBA
687e9232012725c78ae55882,tecnica,Certificação em Automation
687e9232012725c78ae55882,comportamental,Análise e resolução de problemas
687e9232012725c78ae55882,comportamental,Comunicação eficaz com diferentes níveis organizacionais e equipes internacionais
687e9232012725c78ae55882,comportamental,"Attitude proativa, responsável e aberta à aprendizagem"
687e9232012725c78ae55882,comportamental,Trabalho independente e em equipe
687e9232012725c78ae55882,comportamental,Gestão de projetos e entrega de resultados
687e9477d7c12467fe227f1c,tecnica,Inteligência Artificial
687e9477d7c12467fe227f1c,tecnica,Análise Avançada
687e9477d7c12467fe227f1c,tecnica,Transformação de Dados
687e9477d7c12467fe227f1c,tecnica,Modelagem Preditiva
687e9477d7c12467fe227f1c,tecnica,Machine Learning
687e9477d7c12467fe227f1c,tecnica,Estatística
687e9477d7c12467fe227f1c,tecnica,Matemática
687e9477d7c12467fe227f1c,tecnica,Engenharia Física
687e9477d7c12467fe227f1c,tecnica,NLP
687e9477d7c12467fe227f1c,tecnica,Visão Computacional
687e9477d7c12467fe227f1c,tecnica,Deep Learning
687e9477d7c12467fe227f1c,comportamental,Colaboratividade
687e9477d7c12467fe227f1c,comportamental,Comunicação Eficaz
687e9477d7c12467fe227f1c,comportamental,Trabalho em Equipe
687e9477d7c12467fe227f1c,comportamental,Resolução de Problemas
687e9477d7c12467fe227f1c,comportamental,Inovação
687e9477d7c12467fe227f1c,comportamental,Adaptação a Novas Técnicas
687e9477d7c12467fe227f1c,comportamental,Gestão de Projetos
687e9477d7c12467fe227f1c,comportamental,Liderança
687e9477d7c12467fe227f1c,comportamental,Comunicação com Stakeholders
687e94c1bce493dc21d17a84,tecnica,desenvolvimento pipelines dados
687e94c1bce493dc21d17a84,tecnica,processos etl
687e94c1bce493dc21d17a84,tecnica,experiência prática
687e94c1bce493dc21d17a84,tecnica,conhecimentos bancos dados relacionais nao relacionais
687e94c1bce493dc21d17a84,tecnica,conhecimento arquiteturas data warehouses data lakes data lakehouses
687e94c1bce493dc21d17a84,tecnica,habilidade linguagens sql python scala
687e94c1bce493dc21d17a84,tecnica,manipulacao analise dados
687e94c1bce493dc21d17a84,tecnica,ferramentas orquestracao monitoramento dados ex apache airflow dbt
687e94c1bce493dc21d17a84,comportamental,trabalho colaborativo
687e94c1bce493dc21d17a84,comportamental,equipes multidisciplinares
687e94c1bce493dc21d17a84,comportamental,foco entrega valor meio dados
687e94c1bce493dc21d17a84,comportamental,desenvolver manter pipelines dados eficientes otimizando processos etl
687e94c1bce493dc21d17a84,comportamental,ex executar desempenho
687e94c1bce493dc21d17a84,comportamental,atuar rapidamente resolucao problemas
687e94c1bce493dc21d17a84,comportamental,implementar sustentar arquiteturas modelos dados alinhados necessidades negocio
687e94c1bce493dc21d17a84,comportamental,gerenciar bases dados assegurando disponibilidade integridade seguranca informacoes
687e94c1bce493dc21d17a84,comportamental,apoiar criacao scripts consultas sob demanda
687e94c1bce493dc21d17a84,comportamental,utilizando linguagens ferramentas apropriadas
686db9523b93acca67777a86,tecnica,Python
686db9523b93acca67777a86,tecnica,R
686db9523b93acca67777a86,tecnica,SQL
686db9523b93acca67777a86,tecnica,Análise de dados
686db9523b93acca67777a86,tecnica,Desenvolvimento de software
686db9523b93acca67777a86,tecnica,Scriptação
686db9523b93acca67777a86,comportamental,Trabalho em equipe
686db9523b93acca67777a86,comportamental,Propriedade do tempo
686db9523b93acca67777a86,comportamental,Resolução de problemas
686db9523b93acca67777a86,comportamental,Comunicação eficaz
686db9523b93acca67777a86,comportamental,Atenção ao detalhe
686db9523b93acca67777a86,comportamental,Adaptação a novas situações
686db6503d4bf1f112414699,tecnica,extracao de dados
686db6503d4bf1f112414699,tecnica,atraves ferramentas especificas dbt airbyte apis via scripts python
686db6503d4bf1f112414699,tecnica,transformacoes construcao datamarts tabelas consumo sql data view
686db6503d4bf1f112414699,tecnica,proficiencia looker studio google sheets criacao dashboards relatorios visao negocio
686db6503d4bf1f112414699,tecnica,habilidade identificar oportunidades analiticas impulsionem crescimento negocio
686db6503d4bf1f112414699,comportamental,foco resultados impacto apetite lucro
686db6503d4bf1f112414699,comportamental,capacidade traduzir dados analises concretas geram impacto direto clientes
686db6503d4bf1f112414699,comportamental,crescimento empresa resolucao problemas habilidade identificar analisar resolver problemas complexos relacionados dados
686db2ffd53506947c27e22a,tecnica,estatística
686db2ffd53506947c27e22a,tecnica,modelagem estatística
686db2ffd53506947c27e22a,tecnica,análise de dados
686db2ffd53506947c27e22a,tecnica,visualização de dados
686db2ffd53506947c27e22a,tecnica,python
686db2ffd53506947c27e22a,tecnica,r
686db2ffd53506947c27e22a,tecnica,sql
686db2ffd53506947c27e22a,tecnica,machine learning
686db2ffd53506947c27e22a,tecnica,bi
686db2ffd53506947c27e22a,comportamental,trabalho em equipe
686db2ffd53506947c27e22a,comportamental,comunicação eficaz
686db2ffd53506947c27e22a,comportamental,análise crítica
686db2ffd53506947c27e22a,comportamental,resolução de problemas
686db2ffd53506947c27e22a,comportamental,liderança
686db2ffd53506947c27e22a,comportamental,adaptabilidade
686db2ffd53506947c27e22a,comportamental,detalhisto
686db2ffd53506947c27e22a,comportamental,organização
686c0f1a9cd2ced47751d8f4,tecnica,Power BI
686c0f1a9cd2ced47751d8f4,tecnica,SQL
686c0f1a9cd2ced47751d8f4,tecnica,Familiaridade com DAX
686c0f1a9cd2ced47751d8f4,tecnica,Capacidade de interpretar diagramas de dados
686c0f1a9cd2ced47751d8f4,tecnica,"Modelagem de dados (Star Schema, Snowflake Schema)"
686c0f1a9cd2ced47751d8f4,comportamental,Comunicação eficaz
686c0f1a9cd2ced47751d8f4,comportamental,Entendimento de requisitos
686c0f1a9cd2ced47751d8f4,comportamental,Esclarecimento de dúvidas
686c0f1a9cd2ced47751d8f4,comportamental,Trabalho em equipe
686c0f1a9cd2ced47751d8f4,comportamental,Boa gestão do tempo
686c0f1a9cd2ced47751d8f4,comportamental,Controle de qualidade
686c0f1a9cd2ced47751d8f4,comportamental,Entendimento de processos de engenharia de dados
686ba6a26d831f76f1a459ee,tecnica,python
686ba6a26d831f76f1a459ee,tecnica,power automate
686ba6a26d831f76f1a459ee,tecnica,sql
686ba6a26d831f76f1a459ee,tecnica,databricks
686ba6a26d831f76f1a459ee,tecnica,power bi
686ba6a26d831f76f1a459ee,comportamental,comunicacao
686ba6a26d831f76f1a459ee,comportamental,facilitar conversas
686ba6a26d831f76f1a459ee,comportamental,gerir backlog
686ba6a26d831f76f1a459ee,comportamental,priorizar
686ba6a26d831f76f1a459ee,comportamental,lideranca
686ba143790f2f536fb44e74,tecnica,PowerBI
686ba143790f2f536fb44e74,tecnica,Ferramentas de análise
686ba143790f2f536fb44e74,tecnica,Modelagem
686ba143790f2f536fb44e74,tecnica,Ciência de dados
686ba143790f2f536fb44e74,tecnica,Estatística
686ba143790f2f536fb44e74,comportamental,Resiliência
686ba143790f2f536fb44e74,comportamental,Adaptabilidade
686ba143790f2f536fb44e74,comportamental,Comunicação eficaz
686ba143790f2f536fb44e74,comportamental,Trabalho em equipe
686ba143790f2f536fb44e74,comportamental,Proatividade
686b9ff25111dde70694c227,tecnica,Análise de Dados
686b9ff25111dde70694c227,tecnica,Marketing
686b9ff25111dde70694c227,tecnica,Growth
686b9ff25111dde70694c227,tecnica,Economia
686b9ff25111dde70694c227,tecnica,Estatística
686b9ff25111dde70694c227,tecnica,Ciência Computacional
686b9ff25111dde70694c227,tecnica,Matemática
686b9ff25111dde70694c227,tecnica,Excel
686b9ff25111dde70694c227,tecnica,Análise de Dados
686b9ff25111dde70694c227,tecnica,SQL
686b9ff25111dde70694c227,tecnica,Avançado
686b9ff25111dde70694c227,comportamental,Disciplina
686b9ff25111dde70694c227,comportamental,Determinação
686b9ff25111dde70694c227,comportamental,Disponibilidade
686b9ff25111dde70694c227,comportamental,Franqueza
686b9ff25111dde70694c227,comportamental,Humildade
686b9ff25111dde70694c227,comportamental,Simplicidade
686b9ff25111dde70694c227,comportamental,Respeito Etico
686b9ff25111dde70694c227,comportamental,Equidade
686b9ff25111dde70694c227,comportamental,Valorização
686b9ff25111dde70694c227,comportamental,Pluralidade
686b9ef6eec7d8a6f672a4b4,tecnica,Fluência em inglês
686b9ef6eec7d8a6f672a4b4,tecnica,SQL
686b9ef6eec7d8a6f672a4b4,tecnica,Looker
686b9ef6eec7d8a6f672a4b4,tecnica,Amplitude
686b9ef6eec7d8a6f672a4b4,tecnica,Heap
686b9ef6eec7d8a6f672a4b4,tecnica,E-commerce
686b9ef6eec7d8a6f672a4b4,comportamental,Excelente comunicação
686b9ef6eec7d8a6f672a4b4,comportamental,Trabalho em equipe
686b9ef6eec7d8a6f672a4b4,comportamental,Análise de dados
686b9ef6eec7d8a6f672a4b4,comportamental,Optimização de produtos
686b9ef6eec7d8a6f672a4b4,comportamental,Crição de dashboards e relatórios
6867a70e0d10f1d3218be478,tecnica,Python
6867a70e0d10f1d3218be478,tecnica,Power BI
6867a70e0d10f1d3218be478,tecnica,Databricks
6867a70e0d10f1d3218be478,comportamental,Comunicação eficaz
6867a70e0d10f1d3218be478,comportamental,Gestão de tempo
6866d67ebc0e45cc869a1b6f,tecnica,analise de dados
6866d67ebc0e45cc869a1b6f,tecnica,análise de negócios
6866d67ebc0e45cc869a1b6f,tecnica,dashboards
6866d67ebc0e45cc869a1b6f,tecnica, CRM
6866d67ebc0e45cc869a1b6f,tecnica,Excel
6866d67ebc0e45cc869a1b6f,tecnica,Google Sheets
6866d67ebc0e45cc869a1b6f,tecnica,SQL
6866d67ebc0e45cc869a1b6f,tecnica,Power BI
6866d67ebc0e45cc869a1b6f,tecnica,Tableau
6866d67ebc0e45cc869a1b6f,tecnica,Looker
6866d67ebc0e45cc869a1b6f,comportamental,comunicação eficaz
6866d67ebc0e45cc869a1b6f,comportamental,resolução de problemas
6866d67ebc0e45cc869a1b6f,comportamental,curaça de erros
6866d67ebc0e45cc869a1b6f,comportamental,análise crítica
6866d67ebc0e45cc869a1b6f,comportamental,planning estratégico
6866d67ebc0e45cc869a1b6f,comportamental,orientação ao cliente
6866d67ebc0e45cc869a1b6f,comportamental,colaboração
6866d67ebc0e45cc869a1b6f,comportamental,adaptação às mudanças
6866d67ebc0e45cc869a1b6f,comportamental,motivação
6866d67ebc0e45cc869a1b6f,comportamental,iniciativa
685d243593cd12264a7af7eb,tecnica,Python
685d243593cd12264a7af7eb,tecnica,SQL
685d243593cd12264a7af7eb,tecnica,Redshift
685d243593cd12264a7af7eb,tecnica,PostgreSQL
685d243593cd12264a7af7eb,tecnica,DBT
685d243593cd12264a7af7eb,tecnica,AWS
685d243593cd12264a7af7eb,tecnica,G Suite
685d243593cd12264a7af7eb,tecnica,Mac
685d243593cd12264a7af7eb,comportamental,Proativo
685d243593cd12264a7af7eb,comportamental,Detalhista
685d243593cd12264a7af7eb,comportamental,Muitataskável
685d243593cd12264a7af7eb,comportamental,Bom comunicador
685d243593cd12264a7af7eb,comportamental,Pensamento analítico
685d243593cd12264a7af7eb,comportamental,Capaz de trabalhar em equipe
685d243593cd12264a7af7eb,comportamental,Aprendiz e adaptável
685d215fa3dc37008da3b99e,tecnica,Data Analysis
685d215fa3dc37008da3b99e,tecnica,SQL
685d215fa3dc37008da3b99e,tecnica,Excel
685d215fa3dc37008da3b99e,tecnica,Tableau
685d215fa3dc37008da3b99e,tecnica,Power BI
685d215fa3dc37008da3b99e,tecnica,Python
685d215fa3dc37008da3b99e,tecnica,R
685d215fa3dc37008da3b99e,tecnica,Machine Learning
685d215fa3dc37008da3b99e,tecnica,ETL Pipelines
685d215fa3dc37008da3b99e,comportamental,Problematização
685d215fa3dc37008da3b99e,comportamental,Atenção ao Detalhe
685d215fa3dc37008da3b99e,comportamental,Comunicação Técnica e Não Técnica
685d215fa3dc37008da3b99e,comportamental,Trabalho em Equipe
685d215fa3dc37008da3b99e,comportamental,Gestão de Tempo
685d215fa3dc37008da3b99e,comportamental,Motivação
685d215fa3dc37008da3b99e,comportamental,Adaptabilidade
685d20fa8adb8f73fde22980,tecnica,Machine Learning
685d20fa8adb8f73fde22980,tecnica,Python
685d20fa8adb8f73fde22980,tecnica,Bibliotecas
685d20fa8adb8f73fde22980,tecnica,Matplotlib
685d20fa8adb8f73fde22980,tecnica,Pandas
685d20fa8adb8f73fde22980,tecnica,NumPy
685d20fa8adb8f73fde22980,tecnica,Scikit-learn
685d20fa8adb8f73fde22980,tecnica,Docker
685d20fa8adb8f73fde22980,tecnica,Kubernetes
685d20fa8adb8f73fde22980,comportamental,Comunicação
685d20fa8adb8f73fde22980,comportamental,Trabalhar de forma independente
685d20fa8adb8f73fde22980,comportamental,Equipe
685d20fa8adb8f73fde22980,comportamental,Desenvolvimento
685d20fa8adb8f73fde22980,comportamental,Storytelling
685d20fa8adb8f73fde22980,comportamental,Trabalho em equipe
685d20fa8adb8f73fde22980,comportamental,Respeito
685d20fa8adb8f73fde22980,comportamental,Inclusão
685d1fdadd32623112f6cb1b,tecnica,Desenvolvimento Frontend
685d1fdadd32623112f6cb1b,tecnica,Integracoes
685d1fdadd32623112f6cb1b,tecnica,Dominio SQL
685d1fdadd32623112f6cb1b,tecnica,Vivencia Analise
685d1fdadd32623112f6cb1b,tecnica,Modelos Dados
685d1fdadd32623112f6cb1b,tecnica,Estrutura Banco Dados
685d1fdadd32623112f6cb1b,tecnica,ETL
685d1fdadd32623112f6cb1b,tecnica,Data Warehouse
685d1fdadd32623112f6cb1b,tecnica,Dashboards
685d1fdadd32623112f6cb1b,tecnica,Relatorios
685d1fdadd32623112f6cb1b,tecnica,Criacao ETL
685d1fdadd32623112f6cb1b,comportamental,Agilidade
685d1fdadd32623112f6cb1b,comportamental,Metodologias Ageis
685d1fdadd32623112f6cb1b,comportamental,Desenvolver
685d1fdadd32623112f6cb1b,comportamental,Manter Paineis Bi
685d1fdadd32623112f6cb1b,comportamental,Foco Performance Usabilidade
685d1fdadd32623112f6cb1b,comportamental,Criar Cargas Dados ETL
685d1fdadd32623112f6cb1b,comportamental,Organizar Fluxos Integracao
685d1fdadd32623112f6cb1b,comportamental,Participar Projetos Implantacao Ferramentas
685d1fdadd32623112f6cb1b,comportamental,Estruturar Otimizar Bases Dados
685d1fdadd32623112f6cb1b,comportamental,Analise Apoiar Times Tomada Decisao
685d1fdadd32623112f6cb1b,comportamental,Dados Estrategicos
685a9021c3f1ca59eeb124a2,tecnica,Python
685a9021c3f1ca59eeb124a2,tecnica,Web Scraping
685a9021c3f1ca59eeb124a2,tecnica,Modular Code
685a9021c3f1ca59eeb124a2,tecnica,Logging
685a9021c3f1ca59eeb124a2,tecnica,Version Control
685a9021c3f1ca59eeb124a2,tecnica,Git
685a9021c3f1ca59eeb124a2,tecnica,CICD
685a9021c3f1ca59eeb124a2,tecnica,SQL
685a9021c3f1ca59eeb124a2,tecnica,Data Formats
685a9021c3f1ca59eeb124a2,tecnica,JSON
685a9021c3f1ca59eeb124a2,tecnica,Parquet
685a9021c3f1ca59eeb124a2,comportamental,Autonomia
685a9021c3f1ca59eeb124a2,comportamental,Responsabilidade
685a9021c3f1ca59eeb124a2,comportamental,Atelegância
685a9021c3f1ca59eeb124a2,comportamental,Aprendizado Contínuo
685a9021c3f1ca59eeb124a2,comportamental,Comunicação Eficiente
685a9021c3f1ca59eeb124a2,comportamental,Detalhe
685a9021c3f1ca59eeb124a2,comportamental,Atenção ao Detalhe
685a9021c3f1ca59eeb124a2,comportamental,Trabalho em Equipe
685a9021c3f1ca59eeb124a2,comportamental,Colaboração
685a8f745d01e430ae61242a,tecnica,sql
685a8f745d01e430ae61242a,tecnica,nosql
685a8f745d01e430ae61242a,tecnica,docker
685a8f745d01e430ae61242a,tecnica,git
685a8df54c24886d6cbbf00b,tecnica,Python
685a8df54c24886d6cbbf00b,tecnica,SQL
685a8df54c24886d6cbbf00b,tecnica,BigQuery
685a8df54c24886d6cbbf00b,tecnica,Redshift
685a8df54c24886d6cbbf00b,tecnica,Docker
685a8df54c24886d6cbbf00b,tecnica,Tableau
685a8df54c24886d6cbbf00b,tecnica,Power BI
685a8df54c24886d6cbbf00b,tecnica,Machine Learning
685a8df54c24886d6cbbf00b,tecnica,TensorFlow
685a8df54c24886d6cbbf00b,tecnica,PyTorch
685a8df54c24886d6cbbf00b,tecnica,Scikit-Learn
685a8df54c24886d6cbbf00b,tecnica,Marketing Analytics
685a8df54c24886d6cbbf00b,tecnica,Attribution Modeling
685a8df54c24886d6cbbf00b,tecnica,Bidding Strategies
685a8df54c24886d6cbbf00b,tecnica,Testing Methodologies
685a8df54c24886d6cbbf00b,comportamental,Aprendizado Continuo
685a8df54c24886d6cbbf00b,comportamental,Comunicação Eficaz
685a8df54c24886d6cbbf00b,comportamental,Trabalho em Equipe
685a8df54c24886d6cbbf00b,comportamental,Resolução de Problemas
685a8df54c24886d6cbbf00b,comportamental,Adaptação a Novas Tecnologias
685a8df54c24886d6cbbf00b,comportamental,Análise de Dados
685a8df54c24886d6cbbf00b,comportamental,Desenvolvimento de Campaigns
68593b38cf61d1b96091a1d6,tecnica,SQL
68593b38cf61d1b96091a1d6,tecnica,Data Visualization
68593b38cf61d1b96091a1d6,tecnica,Python
68593b38cf61d1b96091a1d6,tecnica,R
68593b38cf61d1b96091a1d6,tecnica,Scripting languages
68593b38cf61d1b96091a1d6,tecnica,Data Analysis
68593b38cf61d1b96091a1d6,tecnica,Data Management
68593b38cf61d1b96091a1d6,tecnica,Cloud-based Data Warehouses
68593b38cf61d1b96091a1d6,tecnica,BigQuery
68593b38cf61d1b96091a1d6,tecnica,Snowflake
68593b38cf61d1b96091a1d6,tecnica,Redshift
68593b38cf61d1b96091a1d6,comportamental,Análise de problemas
68593b38cf61d1b96091a1d6,comportamental,Comunicação clara e concisa
68593b38cf61d1b96091a1d6,comportamental,Habilidades analíticas
685939b1600960f78eb699ee,tecnica,data analysis
685939b1600960f78eb699ee,tecnica,sql
685939b1600960f78eb699ee,tecnica,oracle sql server
685939b1600960f78eb699ee,tecnica,data manipulation
685939b1600960f78eb699ee,tecnica,machine learning
685939b1600960f78eb699ee,tecnica,python
685939b1600960f78eb699ee,tecnica,R
685939b1600960f78eb699ee,tecnica,Java
685939b1600960f78eb699ee,tecnica,C++
685939b1600960f78eb699ee,tecnica,SQL modelador
685939b1600960f78eb699ee,tecnica,Dados
685939b1600960f78eb699ee,tecnica,Big Data
685939b1600960f78eb699ee,tecnica,Data Warehouse
685939b1600960f78eb699ee,tecnica,Data Mining
685939b1600960f78eb699ee,tecnica,Data Science
685939b1600960f78eb699ee,comportamental,colaborar
685939b1600960f78eb699ee,comportamental,equipes
685939b1600960f78eb699ee,comportamental,design
685939b1600960f78eb699ee,comportamental,engenharia
685939b1600960f78eb699ee,comportamental,produtos
685939b1600960f78eb699ee,comportamental,desenvolver
685939b1600960f78eb699ee,comportamental,compreensão
685939b1600960f78eb699ee,comportamental,necessidades
685939b1600960f78eb699ee,comportamental,pesquisar
685939b1600960f78eb699ee,comportamental,elaborar
685939b1600960f78eb699ee,comportamental,modelos estatísticos
685939b1600960f78eb699ee,comportamental,análise de dados
685939b1600960f78eb699ee,comportamental,comunicar
685939b1600960f78eb699ee,comportamental,descobertas
685939b1600960f78eb699ee,comportamental,interesses
685939b1600960f78eb699ee,comportamental,possibilitar processos negocios inteligentes
685939b1600960f78eb699ee,comportamental,usar análises para obter insights significativos
685939b1600960f78eb699ee,comportamental,manter-se atualizado
685939b1600960f78eb699ee,comportamental,desenvolvimentos técnicos
685939b1600960f78eb699ee,comportamental,setor
685939b1600960f78eb699ee,comportamental,atuar estrategista
685939b1600960f78eb699ee,comportamental,lider
685939b1600960f78eb699ee,comportamental,dados
685939b1600960f78eb699ee,comportamental,identificar
685939b1600960f78eb699ee,comportamental,integrar novos conjuntos de dados
685939b1600960f78eb699ee,comportamental,avaliar processos
685939b1600960f78eb699ee,comportamental,ajudar a resolver problemas
685939b1600960f78eb699ee,comportamental,dominios
685939b1600960f78eb699ee,comportamental,setores
6852a384f8bb129e19fa2bd2,tecnica,SQL
6852a384f8bb129e19fa2bd2,tecnica,Python
6852a384f8bb129e19fa2bd2,tecnica,Pyspark
6852a384f8bb129e19fa2bd2,tecnica,Databricks
6852a384f8bb129e19fa2bd2,tecnica,Power BI
6852a384f8bb129e19fa2bd2,tecnica,Tableau
6852a384f8bb129e19fa2bd2,comportamental,Habilidades analíticas
6852a384f8bb129e19fa2bd2,comportamental,Atenção detalhes
6852a384f8bb129e19fa2bd2,comportamental,Comunicação verbal escrita
6852a384f8bb129e19fa2bd2,comportamental,Fortes habilidades comunicacionais
6852a384f8bb129e19fa2bd2,comportamental,Trabalho em equipe
6852a384f8bb129e19fa2bd2,comportamental,Gestão de projetos
6852a384f8bb129e19fa2bd2,comportamental,Capacidade de entender necessidades negóciabis
68529d98791b4ea458174501,tecnica,Python
68529d98791b4ea458174501,tecnica,Pyspark
68529d98791b4ea458174501,tecnica,SQL
68529d98791b4ea458174501,tecnica,Engenharia de Software
68529d98791b4ea458174501,tecnica,Documentação
68529d98791b4ea458174501,tecnica,Versionamento
68529d98791b4ea458174501,tecnica,Testes Unitários
68529d98791b4ea458174501,tecnica,Código Limpo
68529d98791b4ea458174501,tecnica,Capacidade de Comunicação Eficaz
68529d98791b4ea458174501,comportamental,Disposição Aprender
68529d98791b4ea458174501,comportamental,Curiosidade
68529d98791b4ea458174501,comportamental,Orientação
68529d98791b4ea458174501,comportamental,Resolução de Problemas
68529d98791b4ea458174501,comportamental,Familiaridade com Ferramentas
68529d98791b4ea458174501,comportamental,Visualização de Dados
68529d98791b4ea458174501,comportamental,Databricks
68529d98791b4ea458174501,comportamental,Tableau
68529d98791b4ea458174501,comportamental,Power BI
68529d98791b4ea458174501,comportamental,Looker
68529d98791b4ea458174501,comportamental,Data Studio
684814f54db5b3658ab33f23,tecnica,Power BI
684814f54db5b3658ab33f23,tecnica,Excel Avancado
684814f54db5b3658ab33f23,tecnica,Tradução de Dados
684814f54db5b3658ab33f23,tecnica,Insights Estratégicos
684814f54db5b3658ab33f23,tecnica,Construção de Dashboards Personalizados
684814f54db5b3658ab33f23,comportamental,Gestão de Projetos
684814f54db5b3658ab33f23,comportamental,Gerenciamento de Banco de Dados
684814f54db5b3658ab33f23,comportamental,Inovação
684814f54db5b3658ab33f23,comportamental,Tomada de Decisão
684814f54db5b3658ab33f23,comportamental,Capacidade Analítica
683f2ed61e8b86ed61f04ae7,tecnica,machine learning
683f2ed61e8b86ed61f04ae7,tecnica,big data
683f2ed61e8b86ed61f04ae7,tecnica,python
683f2ed61e8b86ed61f04ae7,tecnica,sql
683f2ed61e8b86ed61f04ae7,tecnica,modeling
683f2ed61e8b86ed61f04ae7,tecnica,predictive analytics
683f2ed61e8b86ed61f04ae7,comportamental,team player
683f2ed61e8b86ed61f04ae7,comportamental,good communication abilities
683f2ed61e8b86ed61f04ae7,comportamental,problem-solving skills
683f2ed61e8b86ed61f04ae7,comportamental,attention to detail
683f2ed61e8b86ed61f04ae7,comportamental,customer-oriented
683f2ed61e8b86ed61f04ae7,comportamental,flexible work ethic
683f1bdff7df4f1052b946e2,tecnica,SQL
683f1bdff7df4f1052b946e2,tecnica,Power BI
683f1bdff7df4f1052b946e2,tecnica,Python
683f1bdff7df4f1052b946e2,tecnica,Spark
683f1bdff7df4f1052b946e2,tecnica,Data Visualization
683f1bdff7df4f1052b946e2,tecnica,Machine Learning
683f1bdff7df4f1052b946e2,comportamental,Colaboração
683f1bdff7df4f1052b946e2,comportamental,Comunicação
683f1bdff7df4f1052b946e2,comportamental,Liderança
683f1bdff7df4f1052b946e2,comportamental,Inovação
683f1bdff7df4f1052b946e2,comportamental,Desenvolvimento de soluções
683f129954d4abd10362a132,tecnica,Python
683f129954d4abd10362a132,tecnica,Databricks
683f129954d4abd10362a132,tecnica,Power BI
683f129954d4abd10362a132,tecnica,Tableau
683f129954d4abd10362a132,tecnica,Modelagem de dados
683f129954d4abd10362a132,tecnica,Automação de processos
683f129954d4abd10362a132,tecnica,RPA (Robotic Process Automation)
683f129954d4abd10362a132,tecnica,Power Automate
683f129954d4abd10362a132,tecnica,SQL
683f129954d4abd10362a132,tecnica,Experiência com big data frameworks distribuídos
683f129954d4abd10362a132,comportamental,Atenção ao detalhe
683f129954d4abd10362a132,comportamental,Excelência técnica
683f129954d4abd10362a132,comportamental,Trabalho em equipe
683f129954d4abd10362a132,comportamental,Tomada de decisão
683f129954d4abd10362a132,comportamental,Problematização
683f129954d4abd10362a132,comportamental,Apoio e inovação
683f129954d4abd10362a132,comportamental,Gestão de projetos
68397fefd6284d50bba7858c,tecnica,scala
68397fefd6284d50bba7858c,tecnica,databricks
68397fefd6284d50bba7858c,tecnica,notebooks
68397fefd6284d50bba7858c,tecnica,ETL
68397fefd6284d50bba7858c,tecnica,sql
68397fefd6284d50bba7858c,tecnica,python
68397fefd6284d50bba7858c,comportamental,comunicação
68397fefd6284d50bba7858c,comportamental,trabalho em equipe
68397fefd6284d50bba7858c,comportamental,liderança
68397fefd6284d50bba7858c,comportamental,influência nos stakeholders
68397fefd6284d50bba7858c,comportamental,priorização
68397fefd6284d50bba7858c,comportamental,gestão de tarefas
6831c4daf7780158c7a07484,tecnica,Algoritmos de Machine Learning
6831c4daf7780158c7a07484,tecnica,Modelos Estatísticos
6831c4daf7780158c7a07484,tecnica,Análise Estatística
6831c4daf7780158c7a07484,tecnica,Regressão
6831c4daf7780158c7a07484,tecnica,Logística Multivariada
6831c4daf7780158c7a07484,tecnica,Clusterização
6831c4daf7780158c7a07484,tecnica,Filtros Colaborativos
6831c4daf7780158c7a07484,tecnica,Técnicas de Distância
6831c4daf7780158c7a07484,tecnica,Random Forest
6831c4daf7780158c7a07484,tecnica,Análises Descritivas
6831c4daf7780158c7a07484,comportamental,Desenvolvimento de Modelos
6831c4daf7780158c7a07484,comportamental,Segmentação de Clientes
6831c4daf7780158c7a07484,comportamental,Análise de Dados
6831c4daf7780158c7a07484,comportamental,Benchmarking
6831c4daf7780158c7a07484,comportamental,Conversas com Empresas
6831c4daf7780158c7a07484,comportamental,Otimização de Processos
6831c4daf7780158c7a07484,comportamental,Realização de Simulações
6831c4daf7780158c7a07484,comportamental,Mapeamento e Avaliação de Novas Oportunidades
682dde9929d91c4bf8774a1c,tecnica,python
682dde9929d91c4bf8774a1c,tecnica,pyspark
682dde9929d91c4bf8774a1c,tecnica,sql
682dde9929d91c4bf8774a1c,tecnica,estatistica
682dde9929d91c4bf8774a1c,comportamental,analise de dados
682dde9929d91c4bf8774a1c,comportamental,interpretacao de resultados
682dde9929d91c4bf8774a1c,comportamental,tomada de decisoes
682ddc15123366e3d5422aed,tecnica,Análise de dados
682ddc15123366e3d5422aed,tecnica,Python programming
682ddc15123366e3d5422aed,tecnica,Jupyter Notebooks
682ddc15123366e3d5422aed,comportamental,Comunicação eficaz
682ddc15123366e3d5422aed,comportamental,Trabalho em equipe
682ddc15123366e3d5422aed,comportamental,Proatividade
682cca02061ba0d292efa86a,tecnica,AWS
682cca02061ba0d292efa86a,tecnica,Airflow
682cca02061ba0d292efa86a,tecnica,Databricks
682cca02061ba0d292efa86a,tecnica,Python
682cca02061ba0d292efa86a,tecnica,PysparkSQL
682cca02061ba0d292efa86a,comportamental,Habilidade para lidar com múltiplas demandas simultaneamente
682cca02061ba0d292efa86a,comportamental,Adaptabilidade rápidas com novas tecnologias
682cca02061ba0d292efa86a,comportamental,Proatividade busca soluções inovadoras
682cca02061ba0d292efa86a,comportamental,Colaboração e trabalho em equipe
682cca02061ba0d292efa86a,comportamental,Gerenciamento de prioridades
68383253eb3e3f401443b91a,tecnica,Python
68383253eb3e3f401443b91a,tecnica,Jupyter Notebooks
68383253eb3e3f401443b91a,comportamental,Communication
68383253eb3e3f401443b91a,comportamental,Problem Solving
68383253eb3e3f401443b91a,comportamental,Business Sense
68288095a4edd79d29f790ba,tecnica,estatistica
68288095a4edd79d29f790ba,tecnica,transformar informacoes
68288095a4edd79d29f790ba,tecnica,dominio
68288095a4edd79d29f790ba,tecnica,uso ferramentas inteligencia negocios
68288095a4edd79d29f790ba,tecnica,microsoft power bi
68288095a4edd79d29f790ba,tecnica,avancados sql python pbi
68288095a4edd79d29f790ba,tecnica,desenvolver analises poderosas insights relevantes
68288095a4edd79d29f790ba,comportamental,tratamento dados
68288095a4edd79d29f790ba,comportamental,habilidades estatistica
68288095a4edd79d29f790ba,comportamental,efetuar inscricao atividade proposta nao esquecer compartilhar curriculo
68277f443ef6f04f0f266d1e,tecnica,estatística
68277f443ef6f04f0f266d1e,tecnica,análise de dados
68277f443ef6f04f0f266d1e,comportamental,trabalho em equipe
68277f443ef6f04f0f266d1e,comportamental,liderança
682762aebd209dc92a095df8,tecnica,Programação
682762aebd209dc92a095df8,tecnica,Machine Learning
682762aebd209dc92a095df8,tecnica,Modelagem Estatística
682762aebd209dc92a095df8,tecnica,Databricks
682762aebd209dc92a095df8,tecnica,Azure
682762aebd209dc92a095df8,comportamental,Trabalhar em equipe
682762aebd209dc92a095df8,comportamental,Comunicar eficazmente
682762aebd209dc92a095df8,comportamental,Aprender continuamente
682762aebd209dc92a095df8,comportamental, resolver problemas de forma criativa
682762aebd209dc92a095df8,comportamental,Motivada e disciplinada
68271bc1732f0667890be8ec,tecnica,Machine Learning
68271bc1732f0667890be8ec,tecnica,Deep Learning
68271bc1732f0667890be8ec,tecnica,Reconhecimento de padrões complexos
68271bc1732f0667890be8ec,tecnica,Modelagem Preditiva
68271bc1732f0667890be8ec,tecnica,Estatística Aplicada
68271bc1732f0667890be8ec,tecnica,IA
68271bc1732f0667890be8ec,tecnica,Docker
68271bc1732f0667890be8ec,tecnica,Kubernetes
68271bc1732f0667890be8ec,tecnica,Hadoop
68271bc1732f0667890be8ec,tecnica,Spark
68271bc1732f0667890be8ec,tecnica,NosQL
68271bc1732f0667890be8ec,tecnica,MLOps
68271bc1732f0667890be8ec,tecnica,SQL
68271bc1732f0667890be8ec,tecnica,Python
68271bc1732f0667890be8ec,tecnica,TensorFlow
68271bc1732f0667890be8ec,tecnica,Keras
68271bc1732f0667890be8ec,tecnica,PyTorch
68271bc1732f0667890be8ec,tecnica,Scikit-learn
68271bc1732f0667890be8ec,tecnica,Power BI
68271bc1732f0667890be8ec,tecnica,Tableau
68271bc1732f0667890be8ec,tecnica,Matplotlib
68271bc1732f0667890be8ec,tecnica,Seaborn
68271bc1732f0667890be8ec,comportamental,Colaborar equipes multidisciplinares
68271bc1732f0667890be8ec,comportamental,Garantir governança qualidade dados
68271bc1732f0667890be8ec,comportamental,Trabalhar em equipe
68271bc1732f0667890be8ec,comportamental,Comunicação eficaz
68271bc1732f0667890be8ec,comportamental,Habilidade de traduzir insights técnicos
68271bc1732f0667890be8ec,comportamental,Compartilhar benefícios
68271bc1732f0667890be8ec,comportamental,Assistência odontológica
6825e01bcf932c5204e7eaab,tecnica,Python
6825e01bcf932c5204e7eaab,tecnica,R
6825e01bcf932c5204e7eaab,tecnica,Power BI
6825e01bcf932c5204e7eaab,tecnica,Tableau
6825e01bcf932c5204e7eaab,comportamental,Colaboração
6825e01bcf932c5204e7eaab,comportamental,Inovação
6825e01bcf932c5204e7eaab,comportamental,Comunicação eficaz
6825e01bcf932c5204e7eaab,comportamental,Trabalho em equipe
6824e3e0a8f25ecc349c9f45,tecnica,Python
6824e3e0a8f25ecc349c9f45,tecnica,Pyspark
6824e3e0a8f25ecc349c9f45,tecnica,SQL
6824e3e0a8f25ecc349c9f45,tecnica,Excel
6824e3e0a8f25ecc349c9f45,comportamental,Análise de dados
6824e3e0a8f25ecc349c9f45,comportamental,Interpretação de dados
6824e3e0a8f25ecc349c9f45,comportamental,Geração de insights estratégicos
6824e3e0a8f25ecc349c9f45,comportamental,Tomada de decisões
6824bca606c92bbaa875b4d5,tecnica,Machine Learning
6824bca606c92bbaa875b4d5,tecnica,Estatistica
6824bca606c92bbaa875b4d5,tecnica,Computacao
6824bca606c92bbaa875b4d5,tecnica,Engenharia
6824bca606c92bbaa875b4d5,tecnica,Azure GCP
6824bca606c92bbaa875b4d5,tecnica,Python
6824bca606c92bbaa875b4d5,tecnica,R
6824bca606c92bbaa875b4d5,tecnica,SQL
6824bca606c92bbaa875b4d5,comportamental,Trabalhar forma independente
6824bca606c92bbaa875b4d5,comportamental,Equipe excelente
6824bca606c92bbaa875b4d5,comportamental,Comunicação habilidades interpessoais
6824bca606c92bbaa875b4d5,comportamental,Certificacoes altamente desejaveis
6824bca606c92bbaa875b4d5,comportamental,Forma clara concisa requisitos
6824bc04de7131671bbd4e46,tecnica,Machine Learning
6824bc04de7131671bbd4e46,tecnica,Data Science
6824bc04de7131671bbd4e46,tecnica,Python
6824bc04de7131671bbd4e46,tecnica,R
6824bc04de7131671bbd4e46,tecnica,SQL
6824bc04de7131671bbd4e46,tecnica,Data Visualization
6824bc04de7131671bbd4e46,tecnica,Feature Engineering
6824bc04de7131671bbd4e46,tecnica,Algorithms
6824bc04de7131671bbd4e46,tecnica,Research Papers
6824bc04de7131671bbd4e46,tecnica,Implementing Software
6824bc04de7131671bbd4e46,tecnica,Proof of Concepts
6824bc04de7131671bbd4e46,tecnica,Projects
6824bc04de7131671bbd4e46,tecnica,Big Data
6824bc04de7131671bbd4e46,comportamental,Oral and Written Communication Skills
6824bc04de7131671bbd4e46,comportamental,English Ability
6824bc04de7131671bbd4e46,comportamental,Mathematical Models
6824bc04de7131671bbd4e46,comportamental,Algorithms
6824bc04de7131671bbd4e46,comportamental,Research Papers
6824bc04de7131671bbd4e46,comportamental,Implementing Software
6824bc04de7131671bbd4e46,comportamental,Proof of Concepts
6824bc04de7131671bbd4e46,comportamental,Projects
6824bc04de7131671bbd4e46,comportamental,Big Data
6824acdb268dc0dac2b65070,tecnica,Python
6824acdb268dc0dac2b65070,tecnica,SQL
6824acdb268dc0dac2b65070,tecnica,Machine Learning
6824acdb268dc0dac2b65070,tecnica,Estatistica
6824acdb268dc0dac2b65070,tecnica,Regressao
6824acdb268dc0dac2b65070,tecnica,Classificacao
6824acdb268dc0dac2b65070,tecnica,Series Temporais
6824acdb268dc0dac2b65070,tecnica,Modelos Supervisionados
6824acdb268dc0dac2b65070,tecnica,Ctes
6824acdb268dc0dac2b65070,tecnica,Common Table Expressions
6824acdb268dc0dac2b65070,tecnica,Funcoes Analiticas
6824acdb268dc0dac2b65070,tecnica,Janela Lag
6824acdb268dc0dac2b65070,tecnica,Lead
6824acdb268dc0dac2b65070,tecnica,Rank
6824acdb268dc0dac2b65070,tecnica,Overpartition By
6824acdb268dc0dac2b65070,comportamental,Responsabilidade
6824acdb268dc0dac2b65070,comportamental,Analisar grandes volumes de dados
6824acdb268dc0dac2b65070,comportamental,Gerar insights
6824acdb268dc0dac2b65070,comportamental,Aumentar eficiencia operacional
6824acdb268dc0dac2b65070,comportamental,Tomar decisoes curto prazo
6824acdb268dc0dac2b65070,comportamental,Desenvolver e manter modelos forecast intradiario
6824acdb268dc0dac2b65070,comportamental,Permitir antecipar comportamentos
6824acdb268dc0dac2b65070,comportamental,Necessidades operacionais
6824acdb268dc0dac2b65070,comportamental,Automatizar fluxos de trabalho
6824acdb268dc0dac2b65070,comportamental,Relatorios operacionais
6824c439e257e800bf0c3326,tecnica,python
6824c439e257e800bf0c3326,tecnica,r
6824c439e257e800bf0c3326,tecnica,api integration
6824c439e257e800bf0c3326,tecnica,machine learning
6824c439e257e800bf0c3326,tecnica,deeplearning
6824c439e257e800bf0c3326,tecnica,ai
6824c439e257e800bf0c3326,tecnica,experimental design
6824c439e257e800bf0c3326,tecnica,statistical analysis
6824c439e257e800bf0c3326,tecnica,data storytelling
6824c439e257e800bf0c3326,comportamental,collaboração
6824c439e257e800bf0c3326,comportamental,inovação
6824c439e257e800bf0c3326,comportamental,creatividade
6824c439e257e800bf0c3326,comportamental,liderança
6824c439e257e800bf0c3326,comportamental,trabalho em equipe
68249482bd5fd5b4e61d645d,tecnica,Excel
68249482bd5fd5b4e61d645d,tecnica,SQL
68249482bd5fd5b4e61d645d,tecnica,Visualização de dados
68249482bd5fd5b4e61d645d,comportamental,Comunicação
68249482bd5fd5b4e61d645d,comportamental,Priorização de tarefas
68249482bd5fd5b4e61d645d,comportamental,Mentalidade inovadora
68249482bd5fd5b4e61d645d,comportamental,Proatividade
68249482bd5fd5b4e61d645d,comportamental,Foco nos resultados
68249482bd5fd5b4e61d645d,comportamental,Disposição para aprender
682ddc84e10d4c9a004df36d,tecnica,Data Scientist
682ddc84e10d4c9a004df36d,tecnica,Análise de Dados
682ddc84e10d4c9a004df36d,tecnica,Machine Learning
682ddc84e10d4c9a004df36d,tecnica,Estatística
682ddc84e10d4c9a004df36d,tecnica,Python
682ddc84e10d4c9a004df36d,tecnica,SQL
682ddc84e10d4c9a004df36d,tecnica,AWS
682ddc84e10d4c9a004df36d,tecnica,GCP
682ddc84e10d4c9a004df36d,comportamental,Comunicação Eficaz
682ddc84e10d4c9a004df36d,comportamental,Trabalho em Equipe
682ddc84e10d4c9a004df36d,comportamental,Aprendizado Continuo
682ddc84e10d4c9a004df36d,comportamental,Responsabilidade
682ddc84e10d4c9a004df36d,comportamental,Flexibilidade
682ddc84e10d4c9a004df36d,comportamental,Proatividade
682ddc84e10d4c9a004df36d,comportamental,Sincere
682ddc84e10d4c9a004df36d,comportamental,Prático
6834610b69d7555411eff6b0,tecnica,SQL
6834610b69d7555411eff6b0,tecnica,Python
6834610b69d7555411eff6b0,tecnica,R
6834610b69d7555411eff6b0,tecnica,Tableau
6834610b69d7555411eff6b0,tecnica,Grafana
6834610b69d7555411eff6b0,tecnica,Superset
6834610b69d7555411eff6b0,comportamental,Análise de problemas
6834610b69d7555411eff6b0,comportamental,Comunicação eficaz
6834610b69d7555411eff6b0,comportamental,P Presentation
68763289f3cbc2dd22c2a0bd,tecnica,Desenvolvimento de relatórios
68763289f3cbc2dd22c2a0bd,tecnica,Dashboards interativos
68763289f3cbc2dd22c2a0bd,tecnica,Power BI
68763289f3cbc2dd22c2a0bd,tecnica,QlikView
68763289f3cbc2dd22c2a0bd,tecnica,SQL
68763289f3cbc2dd22c2a0bd,tecnica,Design de visualizações de dados
68763289f3cbc2dd22c2a0bd,comportamental,Comunicação eficaz
68763289f3cbc2dd22c2a0bd,comportamental,Interagir com diferentes departamentos
68763289f3cbc2dd22c2a0bd,comportamental,Entender requisitos do negócio
68763289f3cbc2dd22c2a0bd,comportamental,Análise e compreensão de necessidades dos usuários finais
68763289f3cbc2dd22c2a0bd,comportamental,Garantir qualidade e precisão em relatórios e dashboards
685947a8961ba7e7d2ae74b9,tecnica,SQL
685947a8961ba7e7d2ae74b9,tecnica,Python
685947a8961ba7e7d2ae74b9,tecnica,Tableau
685947a8961ba7e7d2ae74b9,tecnica,AB Testing
685947a8961ba7e7d2ae74b9,comportamental,Colaboração
685947a8961ba7e7d2ae74b9,comportamental,Comunicação
685947a8961ba7e7d2ae74b9,comportamental,Prazo
685947a8961ba7e7d2ae74b9,comportamental,Iniciativa
68529ecc7473c0d84bd62049,tecnica,AWS
68529ecc7473c0d84bd62049,tecnica,Power BI
68529ecc7473c0d84bd62049,tecnica,Python
68529ecc7473c0d84bd62049,tecnica,R
68529ecc7473c0d84bd62049,comportamental,Colaboração
68529ecc7473c0d84bd62049,comportamental,Projetos desafiadores
68529ecc7473c0d84bd62049,comportamental,Análise de dados
68529ecc7473c0d84bd62049,comportamental,Ferramentas de visualização de dados
68529a9ba9af320677a8cf58,tecnica, SQL
68529a9ba9af320677a8cf58,tecnica, Sparkscala
68529a9ba9af320677a8cf58,tecnica,Ferramentas de visualização
68529a9ba9af320677a8cf58,comportamental,Comunicação assertiva
68529a9ba9af320677a8cf58,comportamental,Formação de relatórios claros e concisos
68529a9ba9af320677a8cf58,comportamental,Análise de dados complexos
68409e0aaf0e8c9cba2daa36,tecnica,Relational databases
68409e0aaf0e8c9cba2daa36,tecnica,Query language
68409e0aaf0e8c9cba2daa36,tecnica,SQL
68409e0aaf0e8c9cba2daa36,tecnica,Python
68409e0aaf0e8c9cba2daa36,tecnica,Tableau Power BI
68409e0aaf0e8c9cba2daa36,tecnica,Agile product delivery model
68409e0aaf0e8c9cba2daa36,comportamental,Multitasking
68409e0aaf0e8c9cba2daa36,comportamental,Project management
68409e0aaf0e8c9cba2daa36,comportamental,Mentorship
68409e0aaf0e8c9cba2daa36,comportamental,Collaboration
6848114890afb89e517be8c0,tecnica,SQL
6848114890afb89e517be8c0,tecnica,Python
6848114890afb89e517be8c0,tecnica,R
6848114890afb89e517be8c0,tecnica,Power BI
6848114890afb89e517be8c0,tecnica,Tableau
6848114890afb89e517be8c0,tecnica,Excel
6848114890afb89e517be8c0,comportamental,simplificar informações complexas para públicos não técnicos
6848114890afb89e517be8c0,comportamental,comunicar conceitos técnicos de forma clara e concisa
6848114890afb89e517be8c0,comportamental,trabalhar em equipe para alcançar objetivos comuns
6848114890afb89e517be8c0,comportamental,identificar oportunidades para melhorias no processo
6848114890afb89e517be8c0,comportamental,manter a confidencialidade e integridade dos dados
6835d42dee21f7691a0e35d5,tecnica,Python
6835d42dee21f7691a0e35d5,tecnica,Pyspark
6835d42dee21f7691a0e35d5,tecnica,Scala
6835d42dee21f7691a0e35d5,tecnica,SQL
6835d42dee21f7691a0e35d5,tecnica,Java
6835d42dee21f7691a0e35d5,tecnica,Machine Learning
6835d42dee21f7691a0e35d5,tecnica,Deep Learning
6835d42dee21f7691a0e35d5,comportamental,Comunicação Interpessoal
6835d42dee21f7691a0e35d5,comportamental,Trabalho em Equipe
6835d42dee21f7691a0e35d5,comportamental,Resolução de Problemas
6835d42dee21f7691a0e35d5,comportamental,Análise de Dados
6835d42dee21f7691a0e35d5,comportamental,Criatividade
6835d42dee21f7691a0e35d5,comportamental,Inovação
68276abd4ee67da34f98ede8,tecnica,Python
68276abd4ee67da34f98ede8,tecnica,Machine Learning
68276abd4ee67da34f98ede8,tecnica,AI
68276abd4ee67da34f98ede8,comportamental,Empreendedorismo
68276abd4ee67da34f98ede8,comportamental,Liderança
68276abd4ee67da34f98ede8,comportamental,Colaboração
68375d6700dc895ee904666f,tecnica,macro R
68375d6700dc895ee904666f,tecnica,SQL
68375d6700dc895ee904666f,tecnica,Python
68375d6700dc895ee904666f,tecnica,Aprendizado Supervisionado
68375d6700dc895ee904666f,tecnica,Random Forest
68375d6700dc895ee904666f,tecnica,Gradient Boost
68375d6700dc895ee904666f,tecnica,Otimização
68375d6700dc895ee904666f,tecnica,"Cloud Computing (AWS, Azure, GCP)"
68375d6700dc895ee904666f,tecnica,Estatística
68375d6700dc895ee904666f,tecnica,Quadrado de Fisher
68375d6700dc895ee904666f,tecnica,Clusterização
68375d6700dc895ee904666f,tecnica,Classificação
68375d6700dc895ee904666f,tecnica,Regressão
68375d6700dc895ee904666f,comportamental,Comunicação eficaz
68375d6700dc895ee904666f,comportamental,Desenvolvimento continuo
68375d6700dc895ee904666f,comportamental,Liderança
68375d6700dc895ee904666f,comportamental,Resolução de problemas
68375d6700dc895ee904666f,comportamental,Trabalho em equipe
68275fabb9de2df5508ad916,tecnica,python
68275fabb9de2df5508ad916,tecnica,sql
68275fabb9de2df5508ad916,tecnica,data manipulation
68275fabb9de2df5508ad916,tecnica,analysis
68275fabb9de2df5508ad916,tecnica,machine learning
68275fabb9de2df5508ad916,tecnica,neural networks
68275fabb9de2df5508ad916,tecnica,recommendation systems
68275fabb9de2df5508ad916,comportamental,colaboração
68275fabb9de2df5508ad916,comportamental,improvisação
68275fabb9de2df5508ad916,comportamental,inovação
68275fabb9de2df5508ad916,comportamental,paciência
68275fabb9de2df5508ad916,comportamental,analise de dados
682b6049d34d0991d624bdec,tecnica,análise de dados
682b6049d34d0991d624bdec,tecnica,desenvolvimento de software
682b6049d34d0991d624bdec,tecnica,engenharia de produto
682b6049d34d0991d624bdec,comportamental,trabalho em equipe
682b6049d34d0991d624bdec,comportamental,liderança
682b6049d34d0991d624bdec,comportamental,comunicação eficaz
6824c0f38195a69b5e48a84c,tecnica,Data Science
6824c0f38195a69b5e48a84c,tecnica,Análise de Dados
6824c0f38195a69b5e48a84c,tecnica,Machine Learning
6824c0f38195a69b5e48a84c,tecnica,AWS
6824c0f38195a69b5e48a84c,tecnica,GCP
6824c0f38195a69b5e48a84c,tecnica,Azure
6824c0f38195a69b5e48a84c,tecnica,SQL
6824c0f38195a69b5e48a84c,tecnica,Python
6824c0f38195a69b5e48a84c,tecnica,Excel
6824c0f38195a69b5e48a84c,comportamental,Trabalho em equipe
6824c0f38195a69b5e48a84c,comportamental,Proatividade
6824c0f38195a69b5e48a84c,comportamental,Mentalidade de startup
6824c0f38195a69b5e48a84c,comportamental,Comunicação eficaz
6824c0f38195a69b5e48a84c,comportamental,Resolução de problemas
6824c0f38195a69b5e48a84c,comportamental,Adaptabilidade
6824c0f38195a69b5e48a84c,comportamental,Liderança
682759eca5c36ec614993948,tecnica,Análise de dados
682759eca5c36ec614993948,tecnica,Desenvolvimento de software
682759eca5c36ec614993948,tecnica,Excelência em logística
682759eca5c36ec614993948,comportamental,Comunicação eficaz
682759eca5c36ec614993948,comportamental,Trabalho em equipe
682759eca5c36ec614993948,comportamental,Resolução de problemas
68276086c8259099a326bd48,tecnica,LLMs
68276086c8259099a326bd48,tecnica,Cloud
68276086c8259099a326bd48,tecnica,MLOps
68276086c8259099a326bd48,comportamental,Criatividade
68276086c8259099a326bd48,comportamental,Inovação
68276086c8259099a326bd48,comportamental,Comunicação
68387e50e8acd0af2d6ff327,tecnica,AWS Glue
68387e50e8acd0af2d6ff327,tecnica,Sagemaker
68387e50e8acd0af2d6ff327,tecnica,Lambda
68387e50e8acd0af2d6ff327,tecnica,Manipulação de dados
68387e50e8acd0af2d6ff327,tecnica,Modelagem estatística
68387e50e8acd0af2d6ff327,tecnica,Python
68387e50e8acd0af2d6ff327,tecnica,SQL
68387e50e8acd0af2d6ff327,tecnica,Pyspark
68387e50e8acd0af2d6ff327,comportamental,Pensamento analítico
68387e50e8acd0af2d6ff327,comportamental,Habilidades para resolver problemas complexos
68387e50e8acd0af2d6ff327,comportamental,Experiência comprovada em ciência de dados
68387e50e8acd0af2d6ff327,comportamental,Metodologias agéis
68387e50e8acd0af2d6ff327,comportamental,Trabalho remoto com tempo alocado indeterminado
6839a8ea19b314272375fc8c,tecnica,Tableau
6839a8ea19b314272375fc8c,tecnica,SQL
6839a8ea19b314272375fc8c,tecnica,Python
6839a8ea19b314272375fc8c,tecnica,Machine Learning
6839a8ea19b314272375fc8c,tecnica,Estatistica
6839a8ea19b314272375fc8c,comportamental,Pensamento Critico
6839a8ea19b314272375fc8c,comportamental,Comunicação Eficaz
6839a8ea19b314272375fc8c,comportamental,Trabalho em Equipe
6839a8ea19b314272375fc8c,comportamental,Análise de Dados
6839a8ea19b314272375fc8c,comportamental,Planejamento
685e6f6e20077bbd029fae22,tecnica,SQL
685e6f6e20077bbd029fae22,tecnica,Excel
685e6f6e20077bbd029fae22,tecnica,Google Sheets
685e6f6e20077bbd029fae22,tecnica,Tableau
685e6f6e20077bbd029fae22,tecnica,Looker
685e6f6e20077bbd029fae22,tecnica,Power BI
685e6f6e20077bbd029fae22,tecnica,Salesforce
685e6f6e20077bbd029fae22,comportamental,Pensamento crítico
685e6f6e20077bbd029fae22,comportamental,Solving de problemas
685e6f6e20077bbd029fae22,comportamental,Curiosidade
685e6f6e20077bbd029fae22,comportamental,Comunicação eficaz
685e6f6e20077bbd029fae22,comportamental,Trabalho em equipe
6824bd6d5ae9642955495b9f,tecnica,estatística
6824bd6d5ae9642955495b9f,tecnica,modelagem de dados
6824bd6d5ae9642955495b9f,tecnica,visuais de dados
6824bd6d5ae9642955495b9f,tecnica,algoritmos de aprendizado de máquina
6824bd6d5ae9642955495b9f,comportamental,colaboração
6824bd6d5ae9642955495b9f,comportamental,comunicação eficaz
6824bd6d5ae9642955495b9f,comportamental,organização
6824bd6d5ae9642955495b9f,comportamental,facilitação de projetos
6824bd6d5ae9642955495b9f,comportamental,liderança
6824bd6d5ae9642955495b9f,comportamental,gestão de tempo
6824bd6d5ae9642955495b9f,comportamental,trabalho em equipe
6824bd6d5ae9642955495b9f,comportamental,resolução de problemas
685d21c3232c9da8a6c7f15b,tecnica,SQL
685d21c3232c9da8a6c7f15b,tecnica,Pyspark
685d21c3232c9da8a6c7f15b,tecnica,Python
685d21c3232c9da8a6c7f15b,tecnica,Databricks
685d21c3232c9da8a6c7f15b,tecnica,ETL
685d21c3232c9da8a6c7f15b,tecnica,AWS
685d21c3232c9da8a6c7f15b,tecnica,PowerBI
685d21c3232c9da8a6c7f15b,tecnica,Data Visualization
685d21c3232c9da8a6c7f15b,comportamental,Flexibilidade
685d21c3232c9da8a6c7f15b,comportamental,Comunicação em inglês
685d21c3232c9da8a6c7f15b,comportamental,Trabalho em equipe
685d21c3232c9da8a6c7f15b,comportamental,Gestão de projetos
6852a2fd4f7d65eddfa5d075,tecnica,SQL
6852a2fd4f7d65eddfa5d075,tecnica,Excel
6852a2fd4f7d65eddfa5d075,tecnica,Pivot Tables
6852a2fd4f7d65eddfa5d075,tecnica,VLookups
6852a2fd4f7d65eddfa5d075,tecnica,Google Sheets
6852a2fd4f7d65eddfa5d075,tecnica,Google Slides
6852a2fd4f7d65eddfa5d075,tecnica,Power BI
6852a2fd4f7d65eddfa5d075,tecnica,Tableau
6852a2fd4f7d65eddfa5d075,tecnica,Python
6852a2fd4f7d65eddfa5d075,comportamental,Detalhismo
6852a2fd4f7d65eddfa5d075,comportamental,Priorização de tarefas
6852a2fd4f7d65eddfa5d075,comportamental,Atitude proativa
6852a2fd4f7d65eddfa5d075,comportamental,Flexibilidade
6852a2fd4f7d65eddfa5d075,comportamental,Comunicação eficaz
6852a2fd4f7d65eddfa5d075,comportamental,Trabalho em equipe
684c1979322696ee9815c69d,tecnica,Data Analytics
684c1979322696ee9815c69d,tecnica,Visualização de Dados
684c1979322696ee9815c69d,tecnica,Aprendizado de Máquina
684c1979322696ee9815c69d,tecnica,Big Data
684c1979322696ee9815c69d,tecnica,SQL
684c1979322696ee9815c69d,tecnica,NoSQL
684c1979322696ee9815c69d,tecnica,Programação em Python
684c1979322696ee9815c69d,comportamental,Trabalho em equipe
684c1979322696ee9815c69d,comportamental,Comunicação eficaz
684c1979322696ee9815c69d,comportamental,Análise e interpretação de dados
684c1979322696ee9815c69d,comportamental,Desenvolvimento de soluções
684c1979322696ee9815c69d,comportamental,Melhoria contínua
684c1979322696ee9815c69d,comportamental,Identificação de tendências e padrões
684c1979322696ee9815c69d,comportamental,Suporte ao negócios
685e708bc5cd6f7944a92bfd,tecnica,sql
685e708bc5cd6f7944a92bfd,tecnica,mssql
685e708bc5cd6f7944a92bfd,tecnica,redshift
685e708bc5cd6f7944a92bfd,tecnica,python
685e708bc5cd6f7944a92bfd,tecnica,r
685e708bc5cd6f7944a92bfd,tecnica,estatística
685e708bc5cd6f7944a92bfd,tecnica,modelagem estatística
685e708bc5cd6f7944a92bfd,comportamental,trabalhar em equipe
685e708bc5cd6f7944a92bfd,comportamental,colaborar com diferentes perfis
685e708bc5cd6f7944a92bfd,comportamental,autonomia
685e708bc5cd6f7944a92bfd,comportamental,inovação
685e708bc5cd6f7944a92bfd,comportamental,flexibilidade
68593f7036c060e8cd5a2002,tecnica,SQL
68593f7036c060e8cd5a2002,tecnica,Power BI
68593f7036c060e8cd5a2002,tecnica,Looker
68593f7036c060e8cd5a2002,tecnica,Python
68593f7036c060e8cd5a2002,tecnica,R
68593f7036c060e8cd5a2002,tecnica,Modelagem de Dados
68593f7036c060e8cd5a2002,tecnica,ETL
68593f7036c060e8cd5a2002,tecnica,Governança de Dados
68593f7036c060e8cd5a2002,tecnica,Conhecimento em IA
68593f7036c060e8cd5a2002,comportamental,Colaborativo
68593f7036c060e8cd5a2002,comportamental,Proatividade
68593f7036c060e8cd5a2002,comportamental,Responsabilidade
68593f7036c060e8cd5a2002,comportamental,Foco em Qualidade
68593f7036c060e8cd5a2002,comportamental,Autonomia
68593f7036c060e8cd5a2002,comportamental,Pensamento Analítico
68593f7036c060e8cd5a2002,comportamental,"Experiência com Soluções Cloud (AWS, OCI)"
68593f7036c060e8cd5a2002,comportamental,"Conhecimento em Ferramentas de IA (Gemini, Copilot)"
6839a68198f9db9880017241,tecnica,Desenvolvimento de relatórios e painéis
6839a68198f9db9880017241,tecnica,Análise de dados gerando insights acionáveis
6839a68198f9db9880017241,tecnica,Otimização de consultas complexas em banco de dados
6839a68198f9db9880017241,tecnica,"Extrair, manipular e eficiência dos dados"
6839a68198f9db9880017241,tecnica,Criação de visões dashboards
6839a68198f9db9880017241,tecnica,"Visualização de dados com ferramentas como Power BI, Tableau ou Looker"
6839a68198f9db9880017241,comportamental,Trabalhar em times multidisciplinares
6839a68198f9db9880017241,comportamental,Colaborar efetivamente diversas equipes
6839a68198f9db9880017241,comportamental,Comunicar informações complexas de forma clara e concisa
6839a68198f9db9880017241,comportamental,Trabalhar com diferentes públicos tanto reunhões quanto documentações
6839a68198f9db9880017241,comportamental,Realizar análises rápidas e eficientes
6866ae872d6c668051b23231,tecnica,python
6866ae872d6c668051b23231,tecnica,sql
6866ae872d6c668051b23231,tecnica,cloud
6866ae872d6c668051b23231,tecnica,machine learning
6866ae872d6c668051b23231,tecnica,bigquery
6866ae872d6c668051b23231,comportamental,comunicação
6866ae872d6c668051b23231,comportamental,projetismo
6866ae872d6c668051b23231,comportamental,análise de dados
6866ae872d6c668051b23231,comportamental,resolução de problemas
686db9ca87d11d6a1713963e,tecnica,data analysis
686db9ca87d11d6a1713963e,tecnica,desenvolvimento web
686db9ca87d11d6a1713963e,tecnica,gestão de projetos
686db9ca87d11d6a1713963e,tecnica,marketing digital
686db9ca87d11d6a1713963e,tecnica,análise de dados
686db9ca87d11d6a1713963e,tecnica,estratégia marketing
686db9ca87d11d6a1713963e,tecnica,gerenciamento de equipes
686db9ca87d11d6a1713963e,tecnica,trabalho em equipe
686db9ca87d11d6a1713963e,comportamental,autonomia
686db9ca87d11d6a1713963e,comportamental,flexibilidade
686db9ca87d11d6a1713963e,comportamental,comunicação eficaz
686db9ca87d11d6a1713963e,comportamental,planejamento de campanhas
686db9ca87d11d6a1713963e,comportamental,governança
686db9ca87d11d6a1713963e,comportamental,liderança
686db9ca87d11d6a1713963e,comportamental,colaboração
686db9ca87d11d6a1713963e,comportamental,resolução de problemas
686e3f760e8489aedcb15d75,tecnica,Análise de dados
686e3f760e8489aedcb15d75,tecnica,Desenvolvimento de dashboards
686e3f760e8489aedcb15d75,tecnica,Monitoreio de KPIs
686e3f760e8489aedcb15d75,tecnica,Optimização de processos
686e3f760e8489aedcb15d75,tecnica,Avaliação de AB testing
686e3f760e8489aedcb15d75,tecnica,Análise de conversiones
686e3f760e8489aedcb15d75,tecnica,Identificação de padrões de usuário
686e3f760e8489aedcb15d75,tecnica,Sumarização de métricas
686e3f760e8489aedcb15d75,tecnica,Conhecimento de SQL
686e3f760e8489aedcb15d75,tecnica,Excel/Google Sheets
686e3f760e8489aedcb15d75,tecnica,Python
686e3f760e8489aedcb15d75,tecnica,"Bi Tools (Tableau, MetaBase, Qliksense, Microsoft Power BI)"
686e3f760e8489aedcb15d75,comportamental,Curiosidade
686e3f760e8489aedcb15d75,comportamental,Análise detalhada
686e3f760e8489aedcb15d75,comportamental,Trabalho em equipe
686e3f760e8489aedcb15d75,comportamental,Comunicação eficaz
686e3f760e8489aedcb15d75,comportamental,Flexibilidade e adaptabilidade
686e3f760e8489aedcb15d75,comportamental,Responsabilidade e propriedade de trabalho
686e3f760e8489aedcb15d75,comportamental,Desenvolvimento contínuo
686ba49ece6b6106df8af415,tecnica,Power BI
686ba49ece6b6106df8af415,tecnica,Tableau
686ba49ece6b6106df8af415,tecnica,Looker
686ba49ece6b6106df8af415,tecnica,IA
686ba49ece6b6106df8af415,tecnica,Máquina de learning
686ba49ece6b6106df8af415,tecnica,Rag Retrieval
686ba49ece6b6106df8af415,tecnica,Augmentação
686ba49ece6b6106df8af415,tecnica,Enriquecimento de dados
686ba49ece6b6106df8af415,tecnica,Análise de estatísticas
686ba49ece6b6106df8af415,tecnica,Modelagem estatística
686ba49ece6b6106df8af415,tecnica,Algoritmos de Machine Learning
686ba49ece6b6106df8af415,tecnica,Python
686ba49ece6b6106df8af415,tecnica,R
686ba49ece6b6106df8af415,tecnica,SQL
686ba49ece6b6106df8af415,tecnica,Excelente habilidade com ferramentas BI
686ba49ece6b6106df8af415,comportamental,Espirito colaborativo
686ba49ece6b6106df8af415,comportamental,Responsabilidade atribuíveis e atribuições coletivas
686ba49ece6b6106df8af415,comportamental,Trabalho em equipe
686ba49ece6b6106df8af415,comportamental,Comunicação verbal e escrita clara
686ba49ece6b6106df8af415,comportamental,Narrativas claras impactantes
686ba49ece6b6106df8af415,comportamental,Storytelling
686ba49ece6b6106df8af415,comportamental,Comunicação de resultados de forma estratégica
686ba49ece6b6106df8af415,comportamental,Apoio a decisões com alto impacto
686ba49ece6b6106df8af415,comportamental,Trabalho parceria
686ba49ece6b6106df8af415,comportamental,Áreas de marketing
686ba49ece6b6106df8af415,comportamental,Engenharia UX
686ba49ece6b6106df8af415,comportamental,Liderança global
686ba49ece6b6106df8af415,comportamental,Cliente apoiando decisões
686ba49ece6b6106df8af415,comportamental,Execução foruns
686ba49ece6b6106df8af415,comportamental,Gerar insights automatizados e sumarizações recomendadas estratégicas
6878c8cfa0b87d625b54669e,tecnica,Python
6878c8cfa0b87d625b54669e,tecnica,SQL
6878c8cfa0b87d625b54669e,tecnica,Machine Learning
6878c8cfa0b87d625b54669e,tecnica,Data Visualization
6878c8cfa0b87d625b54669e,tecnica,Web Scraping
6878c8cfa0b87d625b54669e,comportamental,Curiosidade
6878c8cfa0b87d625b54669e,comportamental,Análise
6878c8cfa0b87d625b54669e,comportamental,Investigação
6878c8cfa0b87d625b54669e,comportamental,Comunicação
6878c8cfa0b87d625b54669e,comportamental,Trabalho em equipe
